x,y,t,u,k
0.4375,0.296875,0.0,0.8225738357454926,0.0024959132228159443
0.9375,0.84375,0.0,6.604292402391843e-05,0.0001349370433059138
0.671875,0.328125,0.0,0.22830630602730054,0.004569405032763363
0.46875,0.0,0.0,0.9523410732420043,0.00033403260958589386
0.4375,0.8125,0.0,0.8225738357454926,0.0024959132228159443
0.765625,1.0,0.0,0.02936479027333361,0.00023830170521945925
0.140625,0.9375,0.0,0.0015649553019435652,0.00013903666521508678
0.328125,0.0,0.0,0.22830630602730054,0.004569405032763363
0.15625,0.59375,0.0,0.002713338076151505,0.00014225298685210483
0.703125,0.703125,0.0,0.12706994343756173,0.0012388651163640367
0.171875,0.65625,0.0,0.00458891093846679,0.00014765000015407417
0.5,0.0,0.0,0.999996273346828,0.00013476898431521314
0.421875,0.515625,0.0,0.7369900866578388,0.006504187824096705
0.8125,0.5625,0.0,0.007571950791087857,0.0001566133266046103
0.359375,0.90625,0.0,0.37203045928428036,0.014414118916450298
0.6875,0.34375,0.0,0.17241789724058074,0.0023385512006255027
0.828125,0.96875,0.0,0.00458891093846679,0.00014765000015407417
0.1875,0.8125,0.0,0.007571950791087857,0.0001566133266046103
0.875,0.828125,0.0,0.0008800996537629712,0.00013714984045620838
0.96875,0.34375,0.0,1.3204959264051321e-05,0.0001347945339379054
0.21875,0.53125,0.0,0.01915344518395706,0.00019621664235755732
0.921875,0.40625,0.0,0.00013280886357296026,0.00013511731175274873
0.890625,0.328125,0.0,0.0004822283466788943,0.00013606428645675386
0.125,0.15625,0.0,0.0008800996537629712,0.00013714984045620838
0.15625,0.40625,0.0,0.002713338076151505,0.00014225298685210483
0.828125,0.53125,0.0,0.00458891093846679,0.00014765000015407417
0.796875,0.359375,0.0,0.01219116317847912,0.00017145799798681138
0.1875,0.234375,0.0,0.007571950791087857,0.0001566133266046103
0.75,0.828125,0.0,0.04393320697023534,0.0003121703893484775
0.140625,0.078125,0.0,0.0015649553019435652,0.00013903666521508678
0.234375,0.5625,0.0,0.02936479027333361,0.00023830170521945925
0.546875,0.484375,0.0,0.8959528943393961,0.0008694959377288714
0.703125,0.359375,0.0,0.12706994343756173,0.0012388651163640367
0.515625,0.5,0.0,0.9878634456608283,0.0001712753885216862
0.53125,0.859375,0.0,0.9523410732420043,0.00033403260958589386
0.28125,0.734375,0.0,0.09139002870287516,0.0007092764597587475
0.90625,0.40625,0.0,0.00025702213149674815,0.00013545326511949976
0.78125,0.078125,0.0,0.01915344518395706,0.00019621664235755732
0.640625,0.109375,0.0,0.37203045928428036,0.014414118916450298
0.765625,0.78125,0.0,0.02936479027333361,0.00023830170521945925
0.078125,0.90625,0.0,0.00013280886357296026,0.00013511731175274873
0.84375,0.625,0.0,0.002713338076151505,0.00014225298685210483
0.546875,0.15625,0.0,0.8959528943393961,0.0008694959377288714
0.390625,0.140625,0.0,0.5498271575803797,0.019031154767730447
0.4375,0.34375,0.0,0.8225738357454926,0.0024959132228159443
0.46875,0.75,0.0,0.9523410732420043,0.00033403260958589386
0.625,0.796875,0.0,0.4578296351184422,0.01930116544944173
0.0625,0.359375,0.0,6.604292402391843e-05,0.0001349370433059138
0.75,0.46875,0.0,0.04393320697023534,0.0003121703893484775
0.21875,0.671875,0.0,0.01915344518395706,0.00019621664235755732
0.640625,0.578125,0.0,0.37203045928428036,0.014414118916450298
0.90625,0.296875,0.0,0.00025702213149674815,0.00013545326511949976
0.671875,0.984375,0.0,0.22830630602730054,0.004569405032763363
0.359375,0.625,0.0,0.37203045928428036,0.014414118916450298
0.4375,0.609375,0.0,0.8225738357454926,0.0024959132228159443
0.453125,0.90625,0.0,0.8959528943393961,0.0008694959377288714
0.921875,0.15625,0.0,0.00013280886357296026,0.00013511731175274873
0.5,0.703125,0.0,0.999996273346828,0.00013476898431521314
0.71875,0.84375,0.0,0.09139002870287516,0.0007092764597587475
0.734375,0.859375,0.0,0.06414301183015385,0.0004476722007343652
0.390625,0.703125,0.0,0.5498271575803797,0.019031154767730447
0.359375,0.65625,0.0,0.37203045928428036,0.014414118916450298
0.765625,0.140625,0.0,0.02936479027333361,0.00023830170521945925
0.0625,0.9375,0.0,6.604292402391843e-05,0.0001349370433059138
0.640625,0.375,0.0,0.37203045928428036,0.014414118916450298
1.0,0.96875,0.0,0.0,0.00013475893998170934
0.828125,0.0,0.0,0.00458891093846679,0.00014765000015407417
0.078125,0.46875,0.0,0.00013280886357296026,0.00013511731175274873
0.265625,0.734375,0.0,0.06414301183015385,0.0004476722007343652
0.09375,0.296875,0.0,0.00025702213149674815,0.00013545326511949976
0.96875,0.28125,0.0,1.3204959264051321e-05,0.0001347945339379054
0.75,0.59375,0.0,0.04393320697023534,0.0003121703893484775
0.03125,0.828125,0.0,1.3204959264051321e-05,0.0001347945339379054
0.84375,0.5625,0.0,0.002713338076151505,0.00014225298685210483
0.6875,0.921875,0.0,0.17241789724058074,0.0023385512006255027
0.4375,0.21875,0.0,0.8225738357454926,0.0024959132228159443
0.84375,0.96875,0.0,0.002713338076151505,0.00014225298685210483
0.1875,0.515625,0.0,0.007571950791087857,0.0001566133266046103
0.359375,0.390625,0.0,0.37203045928428036,0.014414118916450298
0.0625,0.078125,0.0,6.604292402391843e-05,0.0001349370433059138
0.078125,1.0,0.0,0.00013280886357296026,0.00013511731175274873
0.484375,0.921875,0.0,0.9878634456608283,0.0001712753885216862
0.96875,0.09375,0.0,1.3204959264051321e-05,0.0001347945339379054
0.421875,0.890625,0.0,0.7369900866578388,0.006504187824096705
0.3125,0.25,0.0,0.17241789724058074,0.0023385512006255027
0.8125,0.203125,0.0,0.007571950791087857,0.0001566133266046103
0.625,0.46875,0.0,0.4578296351184422,0.01930116544944173
0.671875,0.53125,0.0,0.22830630602730054,0.004569405032763363
0.46875,0.296875,0.0,0.9523410732420043,0.00033403260958589386
0.765625,0.90625,0.0,0.02936479027333361,0.00023830170521945925
0.40625,0.484375,0.0,0.6443849981720232,0.013181201946078918
0.34375,0.75,0.0,0.2950189295212708,0.008631234034674348
0.734375,0.984375,0.0,0.06414301183015385,0.0004476722007343652
0.125,0.390625,0.0,0.0008800996537629712,0.00013714984045620838
0.6875,0.359375,0.0,0.17241789724058074,0.0023385512006255027
0.328125,0.34375,0.0,0.22830630602730054,0.004569405032763363
0.078125,0.671875,0.0,0.00013280886357296026,0.00013511731175274873
0.5625,0.515625,0.0,0.8225738357454926,0.0024959132228159443
0.4375,0.71875,0.0,0.8225738357454926,0.0024959132228159443
0.828125,0.921875,0.0,0.00458891093846679,0.00014765000015407417
0.625,0.34375,0.20001220703125,0.4897579779307301,0.019958084378022444
0.4375,0.515625,0.20001220703125,0.6532429718794609,0.01250419396137453
0.15625,1.0,0.20001220703125,0.00280539204338718,0.00014251367911820087
0.75,0.546875,0.20001220703125,0.049718461110274496,0.00034668558262328003
0.0625,0.203125,0.20001220703125,6.963255229459507e-05,0.00013494672981572746
0.140625,0.296875,0.20001220703125,0.0016206856398222624,0.00013919122858744836
0.296875,0.78125,0.20001220703125,0.26691446950123515,0.006747384734023376
0.453125,0.625,0.20001220703125,0.7109518741348622,0.008213001189043083
0.578125,0.453125,0.20001220703125,0.6064169878402735,0.015946522295126917
0.1875,0.09375,0.20001220703125,0.007828491330526237,0.00015740650667793552
0.296875,0.328125,0.20001220703125,0.26691446950123515,0.006747384734023376
0.4375,0.84375,0.20001220703125,0.6532429718794609,0.01250419396137453
0.078125,0.421875,0.20001220703125,0.00013930520211040507,0.00013513486347156188
0.359375,0.25,0.20001220703125,0.4525659502040742,0.019119953812443254
0.796875,0.671875,0.20001220703125,0.012638546792309881,0.00017296060141600077
0.625,0.203125,0.20001220703125,0.4897579779307301,0.019958084378022444
0.125,1.0,0.20001220703125,0.0009135653096664045,0.0001372415026088715
0.125,0.140625,0.20001220703125,0.0009135653096664045,0.0001372415026088715
0.171875,0.296875,0.20001220703125,0.00474131300776582,0.0001480965182746378
0.453125,0.0625,0.20001220703125,0.7109518741348622,0.008213001189043083
0.75,0.59375,0.20001220703125,0.049718461110274496,0.00034668558262328003
0.4375,0.578125,0.20001220703125,0.6532429718794609,0.01250419396137453
0.265625,0.859375,0.20001220703125,0.09717741489904212,0.0007791213817976709
0.859375,0.203125,0.20001220703125,0.0016206856398222624,0.00013919122858744836
0.453125,0.078125,0.20001220703125,0.7109518741348622,0.008213001189043083
0.671875,0.453125,0.20001220703125,0.37219717468600116,0.01442641686415777
0.25,0.625,0.20001220703125,0.049718461110274496,0.00034668558262328003
0.09375,0.140625,0.20001220703125,0.000268491713126562,0.00013548432419677913
0.8125,0.390625,0.20001220703125,0.007828491330526237,0.00015740650667793552
0.6875,0.953125,0.20001220703125,0.32476238756018555,0.010821856696688361
0.515625,0.828125,0.20001220703125,0.9298788060138213,0.0004964941968691908
0.59375,0.140625,0.20001220703125,0.5651742885288836,0.01837109518999219
0.71875,0.953125,0.20001220703125,0.18951900108401154,0.002908865840838492
0.015625,0.46875,0.20001220703125,4.819515822504212e-06,0.0001347719300020187
0.6875,0.453125,0.20001220703125,0.32476238756018555,0.010821856696688361
0.421875,0.015625,0.20001220703125,0.6064169878402735,0.015946522295126917
0.984375,0.8125,0.20001220703125,4.819515822504212e-06,0.0001347719300020187
0.015625,0.25,0.20001220703125,4.819515822504212e-06,0.0001347719300020187
0.84375,0.796875,0.20001220703125,0.00280539204338718,0.00014251367911820087
0.921875,0.640625,0.20001220703125,0.00013930520211040507,0.00013513486347156188
0.484375,0.453125,0.20001220703125,0.9298788060138213,0.0004964941968691908
0.09375,0.65625,0.20001220703125,0.000268491713126562,0.00013548432419677913
0.25,0.90625,0.20001220703125,0.049718461110274496,0.00034668558262328003
0.640625,0.6875,0.20001220703125,0.4525659502040742,0.019119953812443254
0.09375,0.0625,0.20001220703125,0.000268491713126562,0.00013548432419677913
0.578125,0.46875,0.20001220703125,0.6064169878402735,0.015946522295126917
0.4375,0.625,0.20001220703125,0.6532429718794609,0.01250419396137453
0.296875,0.03125,0.20001220703125,0.26691446950123515,0.006747384734023376
0.296875,0.546875,0.20001220703125,0.26691446950123515,0.006747384734023376
0.46875,0.203125,0.20001220703125,0.7931673245165942,0.0035851154252998147
0.546875,0.15625,0.20001220703125,0.7109518741348622,0.008213001189043083
0.40625,0.703125,0.20001220703125,0.5651742885288836,0.01837109518999219
0.484375,0.75,0.20001220703125,0.9298788060138213,0.0004964941968691908
0.953125,0.90625,0.20001220703125,3.299888661470228e-05,0.00013484790429950968
0.78125,0.546875,0.20001220703125,0.019983197940055156,0.0001993705088894378
0.46875,0.71875,0.20001220703125,0.7931673245165942,0.0035851154252998147
0.484375,0.546875,0.20001220703125,0.9298788060138213,0.0004964941968691908
0.265625,0.34375,0.20001220703125,0.09717741489904212,0.0007791213817976709
0.34375,0.375,0.20001220703125,0.41393820436841466,0.017246334363122295
0.671875,0.609375,0.20001220703125,0.37219717468600116,0.01442641686415777
0.703125,0.640625,0.20001220703125,0.26691446950123515,0.006747384734023376
0.4375,0.5,0.20001220703125,0.6532429718794609,0.01250419396137453
0.484375,0.5,0.20001220703125,0.9298788060138213,0.0004964941968691908
0.328125,0.53125,0.20001220703125,0.37219717468600116,0.01442641686415777
0.53125,0.96875,0.20001220703125,0.7931673245165942,0.0035851154252998147
0.328125,0.203125,0.20001220703125,0.37219717468600116,0.01442641686415777
0.484375,0.78125,0.20001220703125,0.9298788060138213,0.0004964941968691908
0.78125,0.625,0.20001220703125,0.019983197940055156,0.0001993705088894378
0.65625,0.484375,0.20001220703125,0.41393820436841466,0.017246334363122295
0.421875,0.6875,0.20001220703125,0.6064169878402735,0.015946522295126917
0.546875,0.390625,0.20001220703125,0.7109518741348622,0.008213001189043083
0.28125,0.5,0.20001220703125,0.18951900108401154,0.002908865840838492
0.953125,0.9375,0.20001220703125,3.299888661470228e-05,0.00013484790429950968
0.078125,0.046875,0.20001220703125,0.00013930520211040507,0.00013513486347156188
0.140625,0.796875,0.20001220703125,0.0016206856398222624,0.00013919122858744836
0.609375,0.53125,0.20001220703125,0.5268494841031427,0.019713710884060657
0.75,0.625,0.20001220703125,0.049718461110274496,0.00034668558262328003
0.953125,0.640625,0.20001220703125,3.299888661470228e-05,0.00013484790429950968
0.71875,0.078125,0.20001220703125,0.18951900108401154,0.002908865840838492
0.796875,0.109375,0.20001220703125,0.012638546792309881,0.00017296060141600077
0.484375,0.171875,0.20001220703125,0.9298788060138213,0.0004964941968691908
0.15625,0.4375,0.20001220703125,0.00280539204338718,0.00014251367911820087
0.578125,0.84375,0.20001220703125,0.6064169878402735,0.015946522295126917
1.0,0.3125,0.20001220703125,0.0,0.00013475893998170934
0.890625,0.578125,0.20001220703125,0.0005020178052189612,0.0001361180968610891
0.1875,0.921875,0.20001220703125,0.007828491330526237,0.00015740650667793552
0.765625,0.546875,0.20001220703125,0.0311183532215068,0.00024628455099571204
0.578125,0.0625,0.20001220703125,0.6064169878402735,0.015946522295126917
0.171875,0.28125,0.20001220703125,0.00474131300776582,0.0001480965182746378
0.25,0.765625,0.20001220703125,0.049718461110274496,0.00034668558262328003
0.265625,0.328125,0.20001220703125,0.09717741489904212,0.0007791213817976709
0.03125,0.671875,0.20001220703125,1.4218766411933322e-05,0.00013479726700390052
0.578125,0.015625,0.20001220703125,0.6064169878402735,0.015946522295126917
0.78125,0.234375,0.20001220703125,0.019983197940055156,0.0001993705088894378
0.171875,0.53125,0.20001220703125,0.00474131300776582,0.0001480965182746378
0.9375,0.78125,0.20001220703125,6.963255229459507e-05,0.00013494672981572746
0.953125,0.046875,0.20001220703125,3.299888661470228e-05,0.00013484790429950968
0.078125,0.34375,0.20001220703125,0.00013930520211040507,0.00013513486347156188
0.71875,0.0625,0.20001220703125,0.18951900108401154,0.002908865840838492
0.890625,0.703125,0.20001220703125,0.0005020178052189612,0.0001361180968610891
0.421875,0.921875,0.4000244140625,0.5842004798135597,0.01735599287712012
0.59375,0.40625,0.4000244140625,0.5531777777150847,0.018900242500540114
0.953125,0.734375,0.4000244140625,3.5014904789622816e-05,0.00013485334115582914
0.21875,0.625,0.4000244140625,0.021818466962745992,0.00020650734520716196
0.3125,0.359375,0.4000244140625,0.37047069484810136,0.014298797684031037
0.609375,0.15625,0.4000244140625,0.5234903528596784,0.019780494779349556
0.5,0.09375,0.4000244140625,0.7687934161280483,0.004714930908748496
0.8125,0.859375,0.4000244140625,0.008102968428442832,0.00015825913099306858
0.953125,0.375,0.4000244140625,3.5014904789622816e-05,0.00013485334115582914
0.78125,0.75,0.4000244140625,0.021818466962745992,0.00020650734520716196
0.125,0.390625,0.4000244140625,0.0009480890069992024,0.00013733612047835833
0.28125,0.40625,0.4000244140625,0.28760824620662767,0.008113482077039045
0.171875,0.09375,0.4000244140625,0.004901002044872591,0.00014856568698093158
0.828125,0.71875,0.4000244140625,0.004901002044872591,0.00014856568698093158
0.796875,0.96875,0.4000244140625,0.013160390547931312,0.00017472816893640103
0.796875,0.40625,0.4000244140625,0.013160390547931312,0.00017472816893640103
1.0,0.28125,0.4000244140625,0.0,0.00013475893998170934
0.84375,0.78125,0.4000244140625,0.0029009337413475524,0.000142784702530646
0.53125,0.421875,0.4000244140625,0.6952999883140331,0.009326786834783976
0.96875,0.328125,0.4000244140625,1.5277675293046023e-05,0.00013480012171038658
0.015625,0.59375,0.4000244140625,5.327367844414448e-06,0.00013477329887902364
0.109375,0.9375,0.4000244140625,0.0005224396510613782,0.00013617364689346364
1.0,0.921875,0.4000244140625,0.0,0.00013475893998170934
0.265625,0.8125,0.4000244140625,0.22953902726983744,0.004630892055669609
0.15625,0.71875,0.4000244140625,0.0029009337413475524,0.000142784702530646
0.484375,0.34375,0.4000244140625,0.7399645840822091,0.006322231563204808
0.9375,0.234375,0.4000244140625,7.336321676721089e-05,0.000134956797570877
0.40625,0.640625,0.4000244140625,0.5531777777150847,0.018900242500540114
0.015625,0.140625,0.4000244140625,5.327367844414448e-06,0.00013477329887902364
0.109375,0.765625,0.4000244140625,0.0005224396510613782,0.00013617364689346364
0.921875,0.4375,0.4000244140625,0.0001460362333416774,0.00013515305144423822
0.625,0.828125,0.4000244140625,0.4944172840195604,0.019987537197562685
0.84375,0.140625,0.4000244140625,0.0029009337413475524,0.000142784702530646
0.546875,0.734375,0.4000244140625,0.654075616682752,0.012440364162937279
0.484375,0.75,0.4000244140625,0.7399645840822091,0.006322231563204808
0.671875,0.1875,0.4000244140625,0.4042511052405164,0.01664941792907645
0.140625,0.546875,0.4000244140625,0.0016782674637971715,0.00013935108919876574
0.28125,0.921875,0.4000244140625,0.28760824620662767,0.008113482077039045
0.609375,0.3125,0.4000244140625,0.5234903528596784,0.019780494779349556
0.703125,0.75,0.4000244140625,0.3325541694564733,0.011415477958841352
1.0,0.0,0.4000244140625,0.0,0.00013475893998170934
0.515625,0.46875,0.4000244140625,0.7399645840822091,0.006322231563204808
0.328125,0.671875,0.4000244140625,0.4042511052405164,0.01664941792907645
0.296875,0.296875,0.4000244140625,0.3325541694564733,0.011415477958841352
0.46875,0.203125,0.4000244140625,0.6952999883140331,0.009326786834783976
0.65625,0.5625,0.4000244140625,0.4355157426231683,0.01840399728121297
0.25,0.21875,0.4000244140625,0.14421244966020455,0.0015904812669008431
0.015625,0.15625,0.4000244140625,5.327367844414448e-06,0.00013477329887902364
0.734375,0.28125,0.4000244140625,0.22953902726983744,0.004630892055669609
0.875,0.3125,0.4000244140625,0.0009480890069992024,0.00013733612047835833
0.015625,0.609375,0.4000244140625,5.327367844414448e-06,0.00013477329887902364
0.109375,0.0625,0.4000244140625,0.0005224396510613782,0.00013617364689346364
0.984375,0.375,0.4000244140625,5.327367844414448e-06,0.00013477329887902364
0.125,0.484375,0.4000244140625,0.0009480890069992024,0.00013733612047835833
0.71875,0.609375,0.4000244140625,0.28760824620662767,0.008113482077039045
0.421875,0.015625,0.4000244140625,0.5842004798135597,0.01735599287712012
0.765625,0.375,0.4000244140625,0.05056055225856876,0.00035197889232476917
0.390625,0.484375,0.4000244140625,0.5234903528596784,0.019780494779349556
0.296875,0.703125,0.4000244140625,0.3325541694564733,0.011415477958841352
0.078125,0.390625,0.4000244140625,0.0001460362333416774,0.00013515305144423822
0.484375,0.84375,0.4000244140625,0.7399645840822091,0.006322231563204808
0.859375,0.234375,0.4000244140625,0.0016782674637971715,0.00013935108919876574
0.140625,0.15625,0.4000244140625,0.0016782674637971715,0.00013935108919876574
0.421875,0.78125,0.4000244140625,0.5842004798135597,0.01735599287712012
0.953125,0.796875,0.4000244140625,3.5014904789622816e-05,0.00013485334115582914
0.171875,0.71875,0.4000244140625,0.004901002044872591,0.00014856568698093158
0.640625,0.0,0.4000244140625,0.46531244553094464,0.01952445426683875
0.078125,0.171875,0.4000244140625,0.0001460362333416774,0.00013515305144423822
0.28125,0.828125,0.4000244140625,0.28760824620662767,0.008113482077039045
0.46875,0.0,0.4000244140625,0.6952999883140331,0.009326786834783976
0.921875,0.453125,0.4000244140625,0.0001460362333416774,0.00013515305144423822
0.0,0.421875,0.4000244140625,0.0,0.00013475893998170934
0.765625,0.625,0.4000244140625,0.05056055225856876,0.00035197889232476917
0.6875,0.3125,0.4000244140625,0.37047069484810136,0.014298797684031037
0.09375,0.828125,0.4000244140625,0.00028034660898436283,0.00013551643342176776
0.265625,0.796875,0.4000244140625,0.22953902726983744,0.004630892055669609
0.40625,0.8125,0.4000244140625,0.5531777777150847,0.018900242500540114
0.1875,0.765625,0.4000244140625,0.008102968428442832,0.00015825913099306858
0.5,0.625,0.4000244140625,0.7687934161280483,0.004714930908748496
0.5625,0.34375,0.4000244140625,0.6174501740492299,0.01517791492585429
0.953125,0.765625,0.4000244140625,3.5014904789622816e-05,0.00013485334115582914
0.796875,0.625,0.4000244140625,0.013160390547931312,0.00017472816893640103
0.421875,0.578125,0.4000244140625,0.5842004798135597,0.01735599287712012
0.65625,0.9375,0.4000244140625,0.4355157426231683,0.01840399728121297
0.59375,0.46875,0.4000244140625,0.5531777777150847,0.018900242500540114
0.734375,0.6875,0.4000244140625,0.22953902726983744,0.004630892055669609
0.75,0.265625,0.4000244140625,0.14421244966020455,0.0015904812669008431
0.234375,0.078125,0.4000244140625,0.05056055225856876,0.00035197889232476917
0.5,0.296875,0.4000244140625,0.7687934161280483,0.004714930908748496
0.75,0.921875,0.4000244140625,0.14421244966020455,0.0015904812669008431
0.921875,0.1875,0.4000244140625,0.0001460362333416774,0.00013515305144423822
0.3125,0.140625,0.4000244140625,0.37047069484810136,0.014298797684031037
0.109375,0.734375,0.4000244140625,0.0005224396510613782,0.00013617364689346364
0.578125,0.109375,0.4000244140625,0.5842004798135597,0.01735599287712012
0.28125,0.640625,0.4000244140625,0.28760824620662767,0.008113482077039045
0.375,0.3125,0.4000244140625,0.4944172840195604,0.019987537197562685
0.140625,0.03125,0.4000244140625,0.0016782674637971715,0.00013935108919876574
0.0,0.890625,0.4000244140625,0.0,0.00013475893998170934
0.96875,0.390625,0.4000244140625,1.5277675293046023e-05,0.00013480012171038658
0.9375,0.5625,0.4000244140625,7.336321676721089e-05,0.000134956797570877
0.296875,0.015625,0.5999755859375,0.3613434731823032,0.01361564671213815
0.078125,0.859375,0.5999755859375,0.00015300646396221884,0.00013517188808127362
0.28125,0.5625,0.5999755859375,0.32773322973317415,0.011047624978511028
0.046875,0.90625,0.5999755859375,3.7115336807413644e-05,0.00013485900587169425
0.625,0.765625,0.5999755859375,0.49199694604050415,0.019974396852956634
0.125,0.921875,0.5999755859375,0.000983709173694069,0.00013743380490783297
0.359375,0.4375,0.5999755859375,0.4685247387422659,0.019607623253611872
0.125,0.53125,0.5999755859375,0.000983709173694069,0.00013743380490783297
0.21875,0.875,0.5999755859375,0.06152146180206049,0.00042761317207075725
0.78125,0.796875,0.5999755859375,0.06152146180206049,0.00042761317207075725
0.640625,0.96875,0.5999755859375,0.4685247387422659,0.019607623253611872
0.765625,0.453125,0.5999755859375,0.1661658909359936,0.0021529263851948403
0.375,0.296875,0.5999755859375,0.49199694604050415,0.019974396852956634
1.0,0.6875,0.5999755859375,0.0,0.00013475893998170934
0.609375,0.875,0.5999755859375,0.514744728951208,0.0199132259768052
0.171875,0.71875,0.5999755859375,0.005071249216384873,0.00014906734526719321
0.328125,0.625,0.5999755859375,0.41853345067485864,0.017513925377822103
0.578125,0.578125,0.5999755859375,0.5580468473371666,0.01869663467643877
0.71875,0.96875,0.5999755859375,0.32773322973317415,0.011047624978511028
0.625,0.8125,0.5999755859375,0.49199694604050415,0.019974396852956634
0.921875,0.328125,0.5999755859375,0.00015300646396221884,0.00013517188808127362
0.71875,0.84375,0.5999755859375,0.32773322973317415,0.011047624978511028
0.421875,0.78125,0.5999755859375,0.5580468473371666,0.01869663467643877
0.40625,0.625,0.5999755859375,0.5368085460244417,0.019465329180905135
0.59375,0.5,0.5999755859375,0.5368085460244417,0.019465329180905135
0.15625,0.546875,0.5999755859375,0.0030003270022908334,0.00014306714325845087
0.671875,0.734375,0.5999755859375,0.41853345067485864,0.017513925377822103
0.9375,0.59375,0.5999755859375,7.72377546404411e-05,0.00013496725430545907
0.671875,0.9375,0.5999755859375,0.41853345067485864,0.017513925377822103
0.484375,0.453125,0.5999755859375,0.6207303693633517,0.014942594587900693
0.53125,0.28125,0.5999755859375,0.6108284368021678,0.015643780494013042
0.46875,0.515625,0.5999755859375,0.6108284368021678,0.015643780494013042
0.953125,0.546875,0.5999755859375,3.7115336807413644e-05,0.00013485900587169425
0.5,0.296875,0.5999755859375,0.6242469950219406,0.014687340879570885
0.6875,0.828125,0.5999755859375,0.3911905514572241,0.01578314110528388
0.234375,0.9375,0.5999755859375,0.1661658909359936,0.0021529263851948403
0.796875,0.75,0.5999755859375,0.016155382327009273,0.0001851886937557864
0.953125,0.453125,0.5999755859375,3.7115336807413644e-05,0.00013485900587169425
0.25,0.46875,0.5999755859375,0.23786529045364116,0.005060372790386026
0.203125,0.046875,0.5999755859375,0.016155382327009273,0.0001851886937557864
0.359375,0.5,0.5999755859375,0.4685247387422659,0.019607623253611872
0.640625,0.109375,0.5999755859375,0.4685247387422659,0.019607623253611872
0.421875,0.6875,0.5999755859375,0.5580468473371666,0.01869663467643877
0.125,0.90625,0.5999755859375,0.000983709173694069,0.00013743380490783297
0.609375,0.140625,0.5999755859375,0.514744728951208,0.0199132259768052
0.5,0.484375,0.5999755859375,0.6242469950219406,0.014687340879570885
0.84375,0.8125,0.5999755859375,0.0030003270022908334,0.00014306714325845087
0.8125,0.53125,0.5999755859375,0.008478696444397277,0.00015943299111611018
0.609375,0.703125,0.5999755859375,0.514744728951208,0.0199132259768052
0.796875,0.625,0.5999755859375,0.016155382327009273,0.0001851886937557864
0.515625,0.875,0.5999755859375,0.6207303693633517,0.014942594587900693
0.71875,0.9375,0.5999755859375,0.32773322973317415,0.011047624978511028
0.203125,0.015625,0.5999755859375,0.016155382327009273,0.0001851886937557864
0.453125,0.46875,0.5999755859375,0.5960643945099963,0.01662927864778227
0.3125,0.96875,0.5999755859375,0.3911905514572241,0.01578314110528388
0.796875,0.921875,0.5999755859375,0.016155382327009273,0.0001851886937557864
0.625,0.203125,0.5999755859375,0.49199694604050415,0.019974396852956634
0.84375,0.546875,0.5999755859375,0.0030003270022908334,0.00014306714325845087
0.671875,0.015625,0.5999755859375,0.41853345067485864,0.017513925377822103
0.25,1.0,0.5999755859375,0.23786529045364116,0.005060372790386026
0.59375,0.546875,0.5999755859375,0.5368085460244417,0.019465329180905135
0.078125,0.46875,0.5999755859375,0.00015300646396221884,0.00013517188808127362
0.828125,0.078125,0.5999755859375,0.005071249216384873,0.00014906734526719321
0.453125,0.578125,0.5999755859375,0.5960643945099963,0.01662927864778227
0.96875,0.125,0.5999755859375,1.638120858649823e-05,0.00013480309677747245
0.59375,0.609375,0.5999755859375,0.5368085460244417,0.019465329180905135
0.328125,0.078125,0.5999755859375,0.41853345067485864,0.017513925377822103
0.96875,0.1875,0.5999755859375,1.638120858649823e-05,0.00013480309677747245
0.734375,0.140625,0.5999755859375,0.28810799657261,0.00814796213519102
0.125,0.546875,0.5999755859375,0.000983709173694069,0.00013743380490783297
0.40625,0.375,0.5999755859375,0.5368085460244417,0.019465329180905135
0.953125,0.53125,0.5999755859375,3.7115336807413644e-05,0.00013485900587169425
0.546875,0.59375,0.5999755859375,0.5960643945099963,0.01662927864778227
0.53125,0.09375,0.5999755859375,0.6108284368021678,0.015643780494013042
0.171875,0.390625,0.5999755859375,0.005071249216384873,0.00014906734526719321
0.859375,0.5625,0.5999755859375,0.0017378048581452497,0.00013951655253462665
0.5,0.71875,0.5999755859375,0.6242469950219406,0.014687340879570885
0.46875,0.875,0.5999755859375,0.6108284368021678,0.015643780494013042
0.625,0.78125,0.5999755859375,0.49199694604050415,0.019974396852956634
0.234375,0.078125,0.5999755859375,0.1661658909359936,0.0021529263851948403
0.15625,0.984375,0.5999755859375,0.0030003270022908334,0.00014306714325845087
0.03125,0.265625,0.5999755859375,1.638120858649823e-05,0.00013480309677747245
0.09375,0.140625,0.5999755859375,0.0002925947270874412,0.00013554961488940345
0.734375,0.375,0.5999755859375,0.28810799657261,0.00814796213519102
0.0625,0.671875,0.5999755859375,7.72377546404411e-05,0.00013496725430545907
0.90625,0.796875,0.5999755859375,0.0002925947270874412,0.00013554961488940345
0.9375,0.484375,0.5999755859375,7.72377546404411e-05,0.00013496725430545907
0.78125,0.828125,0.5999755859375,0.06152146180206049,0.00042761317207075725
0.9375,0.84375,0.5999755859375,7.72377546404411e-05,0.00013496725430545907
0.4375,0.890625,0.5999755859375,0.5780572469462748,0.01770546940071297
0.765625,0.484375,0.5999755859375,0.1661658909359936,0.0021529263851948403
0.953125,0.71875,0.5999755859375,3.7115336807413644e-05,0.00013485900587169425
0.84375,0.59375,0.5999755859375,0.0030003270022908334,0.00014306714325845087
0.375,0.546875,0.5999755859375,0.49199694604050415,0.019974396852956634
0.765625,0.96875,0.5999755859375,0.1661658909359936,0.0021529263851948403
0.71875,0.921875,0.5999755859375,0.32773322973317415,0.011047624978511028
0.53125,0.390625,0.5999755859375,0.6108284368021678,0.015643780494013042
0.3125,0.546875,0.5999755859375,0.3911905514572241,0.01578314110528388
0.765625,0.5,0.5999755859375,0.1661658909359936,0.0021529263851948403
0.765625,0.328125,0.5999755859375,0.1661658909359936,0.0021529263851948403
0.09375,0.796875,0.79998779296875,0.00030525600887356443,0.0001355839233469064
0.84375,0.59375,0.79998779296875,0.0031077886118321837,0.00014337307625334012
0.234375,0.75,0.79998779296875,0.23416281462199767,0.004866349618108523
0.234375,0.78125,0.79998779296875,0.23416281462199767,0.004866349618108523
0.703125,0.046875,0.79998779296875,0.3744351528839286,0.01459095267630521
0.375,0.890625,0.79998779296875,0.4786872793940205,0.019819129989664203
0.921875,0.828125,0.79998779296875,0.00016022711669036368,0.00013519140396071818
0.125,0.078125,0.79998779296875,0.001020505932332049,0.00013753478164488112
0.3125,0.015625,0.79998779296875,0.3986652068300069,0.016286840776239882
0.84375,0.109375,0.79998779296875,0.0031077886118321837,0.00014337307625334012
0.984375,0.78125,0.79998779296875,6.365906166150208e-06,0.00013477609822007454
0.28125,0.53125,0.79998779296875,0.34753505396987183,0.012563817779575994
1.0,0.359375,0.79998779296875,0.0,0.00013475893998170934
0.5,0.640625,0.79998779296875,0.5605018338738914,0.018588123132695113
0.078125,0.78125,0.79998779296875,0.00016022711669036368,0.00013519140396071818
0.765625,0.78125,0.79998779296875,0.23416281462199767,0.004866349618108523
0.03125,0.59375,0.79998779296875,1.7530502541330154e-05,0.00013480619527568853
0.59375,0.96875,0.79998779296875,0.5107870822077281,0.01995350966065004
0.984375,0.015625,0.79998779296875,6.365906166150208e-06,0.00013477609822007454
0.453125,0.109375,0.79998779296875,0.5467393749965649,0.019144986696591024
0.03125,0.3125,0.79998779296875,1.7530502541330154e-05,0.00013480619527568853
0.4375,0.09375,0.79998779296875,0.5367542507922292,0.019466884175994598
0.796875,0.546875,0.79998779296875,0.06601605314524574,0.0004624998487768829
0.109375,0.03125,0.79998779296875,0.0005652667388821815,0.00013629020829824867
0.4375,0.84375,0.79998779296875,0.5367542507922292,0.019466884175994598
0.1875,0.703125,0.79998779296875,0.012459296367729068,0.00017235715364004013
0.71875,0.09375,0.79998779296875,0.34753505396987183,0.012563817779575994
0.671875,0.109375,0.79998779296875,0.4208824926102866,0.01764655665613523
0.515625,0.953125,0.79998779296875,0.5589137268707709,0.018658759783020343
0.625,0.796875,0.79998779296875,0.4786872793940205,0.019819129989664203
0.453125,0.484375,0.79998779296875,0.5467393749965649,0.019144986696591024
0.671875,0.53125,0.79998779296875,0.4208824926102866,0.01764655665613523
0.453125,0.078125,0.79998779296875,0.5467393749965649,0.019144986696591024
0.953125,0.984375,0.79998779296875,3.9303694228548454e-05,0.00013486490794391282
0.03125,0.8125,0.79998779296875,1.7530502541330154e-05,0.00013480619527568853
0.75,0.703125,0.79998779296875,0.28041940750321215,0.007624902545770052
0.078125,0.578125,0.79998779296875,0.00016022711669036368,0.00013519140396071818
0.453125,0.015625,0.79998779296875,0.5467393749965649,0.019144986696591024
0.015625,0.53125,0.79998779296875,6.365906166150208e-06,0.00013477609822007454
0.796875,0.625,0.79998779296875,0.06601605314524574,0.0004624998487768829
0.8125,0.703125,0.79998779296875,0.012459296367729068,0.00017235715364004013
0.15625,0.046875,0.79998779296875,0.0031077886118321837,0.00014337307625334012
0.765625,0.59375,0.79998779296875,0.23416281462199767,0.004866349618108523
0.703125,0.09375,0.79998779296875,0.3744351528839286,0.01459095267630521
0.90625,0.375,0.79998779296875,0.00030525600887356443,0.0001355839233469064
0.09375,0.484375,0.79998779296875,0.00030525600887356443,0.0001355839233469064
0.984375,0.484375,0.79998779296875,6.365906166150208e-06,0.00013477609822007454
0.046875,0.4375,0.79998779296875,3.9303694228548454e-05,0.00013486490794391282
0.609375,0.75,0.79998779296875,0.49540462084946063,0.01999155477973085
0.015625,0.015625,0.79998779296875,6.365906166150208e-06,0.00013477609822007454
0.046875,0.3125,0.79998779296875,3.9303694228548454e-05,0.00013486490794391282
0.984375,0.6875,0.79998779296875,6.365906166150208e-06,0.00013477609822007454
0.65625,0.515625,0.79998779296875,0.4414884993277138,0.018676393735818888
0.109375,0.34375,0.79998779296875,0.0005652667388821815,0.00013629020829824867
0.65625,0.484375,0.79998779296875,0.4414884993277138,0.018676393735818888
0.203125,0.03125,0.79998779296875,0.06601605314524574,0.0004624998487768829
0.8125,0.921875,0.79998779296875,0.012459296367729068,0.00017235715364004013
0.125,0.71875,0.79998779296875,0.001020505932332049,0.00013753478164488112
0.71875,0.953125,0.79998779296875,0.34753505396987183,0.012563817779575994
0.765625,0.703125,0.79998779296875,0.23416281462199767,0.004866349618108523
0.234375,0.34375,0.79998779296875,0.23416281462199767,0.004866349618108523
0.640625,0.53125,0.79998779296875,0.46071893667032593,0.01939222543216405
0.796875,0.8125,0.79998779296875,0.06601605314524574,0.0004624998487768829
0.671875,0.625,0.79998779296875,0.4208824926102866,0.01764655665613523
0.65625,0.109375,0.79998779296875,0.4414884993277138,0.018676393735818888
0.234375,0.421875,0.79998779296875,0.23416281462199767,0.004866349618108523
0.84375,0.734375,0.79998779296875,0.0031077886118321837,0.00014337307625334012
0.609375,0.84375,0.79998779296875,0.49540462084946063,0.01999155477973085
0.265625,0.578125,0.79998779296875,0.31686077267037316,0.010225992280991983
0.53125,0.9375,0.79998779296875,0.5542420820074083,0.01885707555259317
0.765625,0.8125,0.79998779296875,0.23416281462199767,0.004866349618108523
0.28125,0.09375,0.79998779296875,0.34753505396987183,0.012563817779575994
0.53125,0.671875,0.79998779296875,0.5542420820074083,0.01885707555259317
0.015625,0.859375,0.79998779296875,6.365906166150208e-06,0.00013477609822007454
0.1875,0.53125,0.79998779296875,0.012459296367729068,0.00017235715364004013
0.859375,0.140625,0.79998779296875,0.0017995809775090106,0.00013968842437734095
1.0,0.21875,0.79998779296875,0.0,0.00013475893998170934
0.828125,0.359375,0.79998779296875,0.005376785534339671,0.00014997146861476366
0.046875,0.6875,0.79998779296875,3.9303694228548454e-05,0.00013486490794391282
0.90625,0.40625,0.79998779296875,0.00030525600887356443,0.0001355839233469064
0.734375,0.640625,0.79998779296875,0.31686077267037316,0.010225992280991983
0.0,0.34375,0.79998779296875,0.0,0.00013475893998170934
0.75,0.234375,0.79998779296875,0.28041940750321215,0.007624902545770052
0.890625,0.359375,0.79998779296875,0.0005652667388821815,0.00013629020829824867
0.8125,0.734375,0.79998779296875,0.012459296367729068,0.00017235715364004013
0.109375,0.765625,0.79998779296875,0.0005652667388821815,0.00013629020829824867
0.90625,0.390625,0.79998779296875,0.00030525600887356443,0.0001355839233469064
0.859375,0.234375,0.79998779296875,0.0017995809775090106,0.00013968842437734095
0.875,0.0,0.79998779296875,0.001020505932332049,0.00013753478164488112
0.140625,0.15625,0.79998779296875,0.0017995809775090106,0.00013968842437734095
0.96875,0.40625,0.79998779296875,1.7530502541330154e-05,0.00013480619527568853
0.0,0.9375,0.79998779296875,0.0,0.00013475893998170934
0.546875,0.5,0.79998779296875,0.5467393749965649,0.019144986696591024
0.03125,0.765625,0.79998779296875,1.7530502541330154e-05,0.00013480619527568853
0.0,0.765625,0.79998779296875,0.0,0.00013475893998170934
0.953125,0.46875,0.79998779296875,3.9303694228548454e-05,0.00013486490794391282
0.84375,0.6875,0.79998779296875,0.0031077886118321837,0.00014337307625334012
0.5,0.78125,0.79998779296875,0.5605018338738914,0.018588123132695113
0.296875,0.1875,0.79998779296875,0.3744351528839286,0.01459095267630521
0.15625,0.03125,0.79998779296875,0.0031077886118321837,0.00014337307625334012
0.546875,0.5,1.0,0.5116887796279858,0.019945423572728722
0.359375,0.484375,1.0,0.44819047358194897,0.018954620601131896
1.0,0.109375,1.0,0.0,0.00013475893998170934
0.8125,0.0,1.0,0.05985093310966509,0.00041524285043407854
0.34375,0.90625,1.0,0.4328095893378324,0.018273304930171354
0.046875,0.578125,1.0,4.158162357411486e-05,0.00013487105184150383
0.4375,0.96875,1.0,0.504927198411061,0.019990291443491806
0.90625,0.609375,1.0,0.0003183402087845117,0.00013561938600168812
0.84375,0.765625,1.0,0.003348148105897095,0.0001440594861789555
0.0625,0.96875,1.0,8.544107342977344e-05,0.00013498939610744742
0.203125,0.515625,1.0,0.15946054901146456,0.001966764722625033
0.796875,0.375,1.0,0.15946054901146456,0.001966764722625033
0.328125,0.359375,1.0,0.41606576038238086,0.01737153838480068
0.484375,0.203125,1.0,0.5196535345892259,0.019846090688983832
0.234375,0.390625,1.0,0.2674003942691886,0.006777990976092344
0.328125,0.375,1.0,0.41606576038238086,0.01737153838480068
0.5,0.65625,1.0,0.5206686664189744,0.019829850394943976
0.5,0.28125,1.0,0.5206686664189744,0.019829850394943976
0.640625,0.390625,1.0,0.44819047358194897,0.018954620601131896
0.328125,0.546875,1.0,0.41606576038238086,0.01737153838480068
0.828125,0.8125,1.0,0.00914635469182429,0.0001615381811143428
0.8125,0.53125,1.0,0.05985093310966509,0.00041524285043407854
0.125,0.15625,1.0,0.0010586568711859327,0.00013763954495508724
0.59375,0.625,1.0,0.48648390347160997,0.01992705938645914
0.15625,0.59375,1.0,0.003348148105897095,0.0001440594861789555
0.75,0.921875,1.0,0.3019975961989085,0.009130616667661488
0.109375,0.703125,1.0,0.0005877341932038004,0.00013635139329672605
0.84375,0.109375,1.0,0.003348148105897095,0.0001440594861789555
0.609375,0.734375,1.0,0.4750509772095983,0.019752561888142464
0.75,0.609375,1.0,0.3019975961989085,0.009130616667661488
0.5625,0.171875,1.0,0.504927198411061,0.019990291443491806
0.921875,0.765625,1.0,0.0001677034034934699,0.00013521161343630768
0.84375,0.421875,1.0,0.003348148105897095,0.0001440594861789555
0.65625,0.25,1.0,0.4328095893378324,0.018273304930171354
0.828125,0.40625,1.0,0.00914635469182429,0.0001615381811143428
0.734375,0.609375,1.0,0.3307782102694269,0.011279782806725537
0.515625,0.125,1.0,0.5196535345892259,0.019846090688983832
0.84375,0.984375,1.0,0.003348148105897095,0.0001440594861789555
0.5,0.578125,1.0,0.5206686664189744,0.019829850394943976
1.0,0.09375,1.0,0.0,0.00013475893998170934
0.5,0.0625,1.0,0.5206686664189744,0.019829850394943976
0.3125,0.109375,1.0,0.397819875480605,0.016230898113383567
0.84375,0.15625,1.0,0.003348148105897095,0.0001440594861789555
0.484375,0.53125,1.0,0.5196535345892259,0.019846090688983832
0.765625,0.75,1.0,0.2674003942691886,0.006777990976092344
0.96875,0.09375,1.0,1.8726105280438752e-05,0.0001348094186904797
0.265625,0.953125,1.0,0.3307782102694269,0.011279782806725537
0.171875,0.078125,1.0,0.00914635469182429,0.0001615381811143428
0.3125,0.03125,1.0,0.397819875480605,0.016230898113383567
0.109375,0.390625,1.0,0.0005877341932038004,0.00013635139329672605
0.203125,0.0,1.0,0.15946054901146456,0.001966764722625033
0.140625,0.296875,1.0,0.0018678275008599209,0.00013987851934540137
0.703125,0.546875,1.0,0.377828561744479,0.014838350318605377
0.3125,0.046875,1.0,0.397819875480605,0.016230898113383567
0.359375,0.90625,1.0,0.44819047358194897,0.018954620601131896
0.046875,0.546875,1.0,4.158162357411486e-05,0.00013487105184150383
0.703125,0.515625,1.0,0.377828561744479,0.014838350318605377
0.5625,0.03125,1.0,0.504927198411061,0.019990291443491806
0.421875,0.359375,1.0,0.49648152106064636,0.01999504873535804
1.0,0.265625,1.0,0.0,0.00013475893998170934
0.6875,0.34375,1.0,0.397819875480605,0.016230898113383567
0.40625,0.65625,1.0,0.48648390347160997,0.01992705938645914
0.140625,0.875,1.0,0.0018678275008599209,0.00013987851934540137
0.765625,0.6875,1.0,0.2674003942691886,0.006777990976092344
0.0625,0.609375,1.0,8.544107342977344e-05,0.00013498939610744742
0.0,0.953125,1.0,0.0,0.00013475893998170934
0.671875,0.625,1.0,0.41606576038238086,0.01737153838480068
0.4375,0.0,1.0,0.504927198411061,0.019990291443491806
0.953125,0.703125,1.0,4.158162357411486e-05,0.00013487105184150383
0.390625,0.03125,1.0,0.4750509772095983,0.019752561888142464
0.0625,0.9375,1.0,8.544107342977344e-05,0.00013498939610744742
0.234375,0.671875,1.0,0.2674003942691886,0.006777990976092344
0.421875,0.046875,1.0,0.49648152106064636,0.01999504873535804
0.71875,0.84375,1.0,0.35569543373651924,0.013187324678995574
0.515625,0.421875,1.0,0.5196535345892259,0.019846090688983832
0.71875,0.8125,1.0,0.35569543373651924,0.013187324678995574
0.5,0.703125,1.0,0.5206686664189744,0.019829850394943976
0.140625,0.1875,1.0,0.0018678275008599209,0.00013987851934540137
0.515625,0.96875,1.0,0.5196535345892259,0.019846090688983832
0.0625,0.265625,1.0,8.544107342977344e-05,0.00013498939610744742
0.390625,0.515625,1.0,0.4750509772095983,0.019752561888142464
0.03125,0.65625,1.0,1.8726105280438752e-05,0.0001348094186904797
0.265625,0.109375,1.0,0.3307782102694269,0.011279782806725537
0.515625,0.109375,1.0,0.5196535345892259,0.019846090688983832
0.65625,0.984375,1.0,0.4328095893378324,0.018273304930171354
0.453125,0.109375,1.0,0.5116887796279858,0.019945423572728722
0.71875,0.046875,1.0,0.35569543373651924,0.013187324678995574
0.46875,0.1875,1.0,0.5166349631162419,0.019889616936819125
0.375,0.5,1.0,0.46227047871647015,0.019438622510888168
0.78125,0.984375,1.0,0.22301281724843977,0.004311536276987827
0.859375,0.484375,1.0,0.0018678275008599209,0.00013987851934540137
0.71875,0.703125,1.0,0.35569543373651924,0.013187324678995574
0.921875,0.625,1.0,0.0001677034034934699,0.00013521161343630768
0.828125,0.0625,1.0,0.00914635469182429,0.0001615381811143428
0.703125,0.3125,1.0,0.377828561744479,0.014838350318605377
0.890625,0.875,1.0,0.0005877341932038004,0.00013635139329672605
0.953125,0.09375,1.0,4.158162357411486e-05,0.00013487105184150383
0.0,0.703125,1.0,0.0,0.00013475893998170934
0.15625,0.75,1.0,0.003348148105897095,0.0001440594861789555
0.875,0.375,1.0,0.0010586568711859327,0.00013763954495508724
