epoch,loss_pde,loss_bc,error_u,loss_q
0,506020.16,0.2463715,0.4082418,22160.244
100,2332.029,0.21516739,0.3279279,21565.771
200,812.71124,0.29435807,0.4735149,18552.32
300,451.3009,0.52673566,0.57193524,14686.287
400,284.93335,0.6783971,0.60247296,11196.318
500,207.30673,0.6636634,0.59236044,8494.222
600,210.76157,0.6148236,0.5957608,6448.279
700,132.44698,0.57025874,0.5935604,4866.147
800,719.42883,0.5620865,0.6267879,3672.102
900,92.2313,0.6025018,0.6362827,2810.178
1000,76.95207,0.6404222,0.68632424,2192.4543
1100,64.70293,0.669985,0.7172492,1748.1934
1200,54.434486,0.66353285,0.7311276,1422.8973
1300,46.34106,0.6590345,0.7430757,1185.0822
1400,92.94553,0.628858,0.74344987,1001.886
1500,35.78296,0.59747624,0.7342398,853.2415
1600,32.12274,0.5798384,0.7329718,729.4113
1700,29.29939,0.5642401,0.7304603,623.15344
1800,135.73563,0.5463687,0.720979,532.9092
1900,23.733013,0.55692923,0.7389803,458.69003
2000,21.445295,0.55905366,0.7468917,395.84824
2100,19.309969,0.55033094,0.7480459,342.12613
2200,17.512407,0.5649968,0.7636716,297.50388
2300,24.510847,0.5604258,0.768436,259.5737
2400,14.359931,0.55353785,0.76713204,226.64236
2500,13.350163,0.5631346,0.7779658,199.91464
2600,11.876063,0.55052805,0.7731184,176.04807
2700,10.803383,0.5425882,0.7714825,156.42259
2800,10.279708,0.5264084,0.76438,138.55362
2900,8.786631,0.52617544,0.76656765,123.894585
3000,272.83298,0.5008909,0.7513522,110.38156
3100,7.085758,0.5008678,0.7546812,99.07069
3200,134.72346,0.47881722,0.7487089,88.3958
3300,5.8776593,0.4769287,0.74332374,79.51681
3400,46.998356,0.47252494,0.746141,72.15525
3500,4.920946,0.45243397,0.7298523,64.095795
3600,6.3374085,0.4338359,0.7194924,57.199352
3700,4.185434,0.42339596,0.71268,51.412674
3800,301.1629,0.39840683,0.6955538,46.030704
3900,3.5249786,0.39919168,0.69837284,41.253845
4000,3.2509787,0.38363728,0.6890741,36.726265
4100,3.4590945,0.37222752,0.68198574,32.991795
4200,46.06931,0.35533237,0.66917175,29.3403
4300,2.52508,0.3494928,0.6673392,26.318382
4400,2.321654,0.3356821,0.65837854,23.399275
4500,2.7942193,0.329652,0.6536961,21.089777
4600,20.296223,0.3138421,0.64135677,18.96439
4700,1.7950834,0.30447063,0.6365265,16.798414
4800,18.274336,0.2983651,0.6322777,15.448453
4900,1.5993036,0.28836432,0.6242876,13.616467
5000,1.3908124,0.27852196,0.61664873,12.247599
5100,29.962574,0.2715515,0.60824,10.991999
5200,3.7757702,0.26248834,0.6038732,10.001092
5300,2.4221323,0.24660072,0.59126264,8.901778
5400,2.1234355,0.24004938,0.5840707,8.087164
5500,1.2372078,0.23016937,0.57618433,7.2939744
5600,2.3829393,0.2260806,0.57126456,6.7025714
5700,11.786199,0.21987139,0.56600225,6.2248254
5800,2.101475,0.2123199,0.5591301,5.60306
5900,161.50085,0.21158497,0.55385816,5.167381
6000,6.607429,0.20590574,0.5518116,4.7963176
6100,0.5297302,0.19706894,0.5434291,4.296253
6200,1.2970374,0.19656615,0.54173803,4.033635
6300,0.71462303,0.19064854,0.5363309,3.6645157
6400,50.999588,0.18685429,0.52910507,3.3388727
6500,5.964759,0.18132852,0.5254343,3.111167
6600,0.36013627,0.17771156,0.5220544,2.8535485
6700,0.95768875,0.17644839,0.5197465,2.6851642
6800,0.5190567,0.17191654,0.5148733,2.4567926
6900,2.2135277,0.17094168,0.5132282,2.3324475
7000,0.8930894,0.16682865,0.50871587,2.1127725
7100,0.59966916,0.16375451,0.50489646,1.9549174
7200,1.2994728,0.16108552,0.50166756,1.8180642
7300,0.72905487,0.15832299,0.49803868,1.6785041
7400,0.79475516,0.15747795,0.4961375,1.5993003
7500,0.20152518,0.15302834,0.49148944,1.4613811
7600,2.783638,0.15376616,0.49189773,1.3882188
7700,1.6641046,0.15047304,0.48752815,1.2934281
7800,28.901224,0.14475864,0.4828188,1.1930195
7900,2.3107495,0.1482368,0.4846115,1.1615794
8000,4.6054754,0.14283404,0.4770668,1.0499331
8100,14.224835,0.14324126,0.47876433,1.0011066
8200,40.681385,0.14035186,0.47612077,0.96954674
8300,0.19351318,0.13953456,0.4732928,0.88848114
8400,6.604151,0.13812004,0.46989498,0.8571547
8500,11.374309,0.13623938,0.4696787,0.79804015
8600,19.204914,0.13313404,0.46454543,0.75539744
8700,58.322697,0.13283034,0.46726888,0.7502126
8800,15.28861,0.13518953,0.4684385,0.77510464
8900,1.4240931,0.13331412,0.46537575,0.6914561
9000,1.5650378,0.13037129,0.462251,0.63338804
9100,2.004524,0.12903254,0.46136618,0.60834527
9200,16.016935,0.12819384,0.45840633,0.55944973
9300,23.19632,0.12678625,0.45929474,0.6036443
9400,2.8698587,0.12462036,0.45543844,0.532483
9500,32.994797,0.122163504,0.45328307,0.53218293
9600,3.6577218,0.12212834,0.45244816,0.50056374
9700,2.2306554,0.11908472,0.44866088,0.45220846
9800,1.180622,0.11725704,0.44676474,0.437164
9900,0.40704262,0.11649959,0.44676018,0.42589784
10000,7.646531,0.11330846,0.44129002,0.39482868
10100,0.06501777,0.11383427,0.4437095,0.38607424
10200,1.98871,0.11294081,0.44257343,0.3703185
10300,0.07581571,0.11063487,0.44040984,0.35580775
10400,8.626576,0.110393524,0.44188187,0.3671546
10500,4.576748,0.10881996,0.43846533,0.3593382
10600,0.9816104,0.10725817,0.4375512,0.3324083
10700,0.96364564,0.10606547,0.43688676,0.31417757
10800,0.87885875,0.10410633,0.43370807,0.30351937
10900,1.8621778,0.10352388,0.43418956,0.29385877
11000,21.572798,0.10327867,0.43612987,0.32839328
11100,5.717002,0.10158348,0.43309116,0.32200983
11200,1.865045,0.10004007,0.42998356,0.27271986
11300,17.697304,0.09797447,0.42741832,0.27218464
11400,19.61948,0.09752549,0.43045703,0.24639794
11500,2.0002692,0.09609325,0.42739818,0.24841508
11600,6.7627807,0.095921546,0.42883387,0.23267876
11700,0.84924453,0.094027,0.42614153,0.22201672
11800,21.47567,0.09478327,0.42945245,0.25320446
11900,7.36633,0.09377838,0.4281454,0.23273824
12000,26.617395,0.09238986,0.4259234,0.22968988
12100,0.8093255,0.08981515,0.42209733,0.19631125
12200,2.0672164,0.08994768,0.42324114,0.20304194
12300,0.941151,0.08877413,0.4227163,0.19291511
12400,25.012764,0.08795605,0.42448276,0.19994882
12500,13.907842,0.08620067,0.4162783,0.17757797
12600,1.0495191,0.08604567,0.41910505,0.18252727
12700,19.710514,0.085132465,0.41649354,0.17500556
12800,4.872477,0.083890006,0.4168796,0.1789943
12900,1.8280444,0.08390455,0.41860157,0.16344242
13000,0.62219,0.08225666,0.41676462,0.1522967
13100,10.148839,0.08079624,0.41299328,0.17473733
13200,14.159046,0.08151081,0.41916737,0.18205667
13300,16.684229,0.07973327,0.41118357,0.15374297
13400,12.010747,0.08036301,0.41512632,0.17280091
13500,8.75881,0.07981953,0.41710946,0.15983696
13600,6.1164894,0.07818949,0.41319576,0.19309525
13700,1.0597104,0.07783374,0.41341674,0.13497837
13800,1.0544528,0.07721952,0.4126733,0.1458426
13900,0.32280967,0.07662395,0.4124551,0.12911332
14000,2.018861,0.07549792,0.4115258,0.13261324
14100,1.0906981,0.07527287,0.41076872,0.13176788
14200,4.1688013,0.07448948,0.41042164,0.16258572
14300,5.668171,0.074713126,0.4090457,0.13449506
14400,0.30611104,0.07357219,0.40944776,0.11771024
14500,4.250798,0.07234298,0.40981597,0.11451731
14600,2.4363835,0.07150138,0.4064848,0.10579181
14700,2.0887449,0.07221187,0.40761584,0.10021937
14800,39.355488,0.070001796,0.40574968,0.12625068
14900,5.4572883,0.07015794,0.40582347,0.108984485
15000,0.40772563,0.07032952,0.4068596,0.10204328
15100,0.52132326,0.070209086,0.407621,0.09659465
15200,12.636614,0.0693602,0.40876243,0.09244297
15300,16.714403,0.06945481,0.40951994,0.09513213
15400,1.3333647,0.06928665,0.40733457,0.1045855
15500,1.1927543,0.069087245,0.40712774,0.10484885
15600,0.4892822,0.06809126,0.40564048,0.10083011
15700,9.245558,0.06556032,0.39941525,0.17829786
15800,1.8338591,0.066282555,0.40242004,0.113866955
15900,16.424084,0.06592762,0.39957222,0.10567181
16000,0.18801233,0.06583189,0.40280882,0.07381116
16100,3.2478626,0.065286614,0.40113208,0.089940146
16200,1.0505415,0.06552619,0.40412265,0.083012246
16300,2.365432,0.0656059,0.40330264,0.087056726
16400,5.6761327,0.064680584,0.40070608,0.092199855
16500,2.7466662,0.06373553,0.40058738,0.06878924
16600,5.7764683,0.06396293,0.4004842,0.0850506
16700,1.9919391,0.063042834,0.3997425,0.06516972
16800,5.171278,0.06286806,0.40189785,0.06733098
16900,18.335243,0.062972076,0.40202227,0.14835876
17000,1.0642861,0.06202843,0.398909,0.062445447
17100,10.116666,0.061879545,0.3995308,0.120541945
17200,0.7912354,0.0615179,0.40027457,0.07066958
17300,33.512123,0.061974954,0.40409815,0.083478495
17400,0.16953631,0.06061842,0.3988375,0.055160142
17500,4.1787944,0.061449375,0.40008005,0.0977562
17600,10.057743,0.061381124,0.39985815,0.14141455
17700,7.6292844,0.060143657,0.40044567,0.054439846
17800,30.816538,0.06217751,0.40280914,0.2243336
17900,12.028276,0.060544435,0.39900148,0.10297663
18000,1.272758,0.05973468,0.39895833,0.062134977
18100,0.33636013,0.058896728,0.39791167,0.049630202
18200,0.10960497,0.058533818,0.39650938,0.046592053
18300,2.6860144,0.058696914,0.39796633,0.04904801
18400,0.6988319,0.05958327,0.3998847,0.057712592
18500,3.486902,0.058308367,0.39550176,0.068717204
18600,2.1564817,0.058705997,0.39912614,0.07383782
18700,2.093314,0.058332123,0.39694357,0.062416375
18800,0.51767486,0.057500836,0.39564866,0.044459097
18900,12.322346,0.0566053,0.393282,0.107727416
19000,7.3195925,0.057316285,0.39744267,0.05444539
19100,0.8861941,0.05623164,0.39390892,0.041092653
19200,9.473275,0.056521725,0.39457244,0.19509698
19300,0.70253736,0.056381732,0.39529818,0.048074216
19400,2.7067442,0.05565424,0.39463958,0.054066285
19500,0.2394564,0.055325624,0.39452982,0.037574455
19600,23.863623,0.054322124,0.38882968,0.14637765
19700,0.1257394,0.055046204,0.3944503,0.037976805
19800,9.955471,0.055033103,0.39599296,0.05165766
19900,0.35261583,0.05436697,0.39348882,0.036598336
20000,0.039070774,0.05376674,0.3932207,0.03404806
20100,0.427993,0.05387576,0.39376462,0.04078667
20200,0.7888538,0.0535912,0.391557,0.032392427
20300,12.984656,0.05268545,0.38798732,0.05760216
20400,9.465024,0.05374859,0.39612368,0.06979076
20500,1.0876706,0.05270839,0.39124933,0.034448136
20600,0.123144835,0.05304808,0.39277288,0.038575795
20700,4.719666,0.053297415,0.392554,0.12064269
20800,0.6200355,0.05223581,0.39063838,0.02790038
20900,12.871559,0.051189974,0.38810226,0.12679653
21000,3.9826353,0.051793437,0.3905292,0.07185733
21100,0.2034199,0.05192217,0.39088657,0.030372085
21200,0.13780206,0.051630124,0.39098513,0.030437851
21300,5.9637156,0.050398253,0.38785157,0.03019975
21400,3.160585,0.051779766,0.39203316,0.09562846
21500,0.47855243,0.05074749,0.39068535,0.03311699
21600,3.6692445,0.050173454,0.389313,0.04918305
21700,0.50754243,0.049865235,0.389237,0.02789416
21800,1.6101376,0.049219694,0.38899824,0.030712757
21900,0.17927216,0.049417306,0.3890905,0.031929594
22000,3.9218707,0.048819933,0.38632655,0.030824788
22100,5.010271,0.049507245,0.3908668,0.063291326
22200,0.24822892,0.04866276,0.38821486,0.040489472
22300,0.0468403,0.04850089,0.3879986,0.021557385
22400,1.0451857,0.04822288,0.387769,0.023360565
22500,6.1306953,0.04807162,0.38627222,0.037173133
22600,2.111951,0.047487527,0.38819504,0.10474753
22700,18.48035,0.046974383,0.3833154,0.09387964
22800,11.12715,0.047578778,0.38972363,0.02563275
22900,14.309134,0.047953185,0.39115617,0.07129387
23000,3.5295725,0.047174286,0.38906035,0.23527035
23100,2.1227884,0.046636093,0.38644603,0.085113555
23200,2.842772,0.046018835,0.38506714,0.038635604
23300,10.862673,0.04591295,0.38298193,0.16288757
23400,0.19262074,0.04590574,0.38613477,0.034013405
23500,0.05064234,0.045938373,0.38667032,0.02004033
23600,0.081004374,0.0454053,0.38760868,0.022716783
23700,0.13104905,0.045735918,0.38673306,0.019889006
23800,0.07774408,0.04518963,0.3844812,0.021174187
23900,8.186849,0.04419584,0.3820705,0.06540984
24000,29.220568,0.04383777,0.37786305,0.1409672
24100,2.0415955,0.044294447,0.3840663,0.033770207
24200,0.011655551,0.044734467,0.38452175,0.01587043
24300,0.09275946,0.044652205,0.3848456,0.026104597
24400,0.22859116,0.043407496,0.38276526,0.019307299
24500,0.29355434,0.043284632,0.38441274,0.022639077
24600,0.22176489,0.043318585,0.38364434,0.027029783
24700,0.25933617,0.043260537,0.38320974,0.015697112
24800,8.070564,0.04293437,0.3822874,0.06440917
24900,9.343107,0.043345466,0.3866399,0.40762457
25000,3.048185,0.042762708,0.3853582,0.053014137
25100,0.25769913,0.042378016,0.38385072,0.029847877
25200,19.66709,0.042044148,0.3849805,0.037770372
25300,0.89217937,0.04170735,0.38193938,0.018713044
25400,0.1890401,0.04140603,0.38199115,0.021947267
25500,0.11496015,0.041360613,0.38345537,0.022812085
25600,0.48696318,0.041193657,0.38200882,0.044980202
25700,0.04193688,0.040667906,0.38134584,0.01174155
25800,0.010312949,0.040815726,0.38255346,0.015015449
25900,13.916099,0.040215716,0.3772441,0.04834057
26000,3.974083,0.040463172,0.38140216,0.113698
26100,0.6080595,0.04005323,0.3819764,0.017496344
26200,2.1719556,0.03991891,0.38148737,0.023829507
26300,0.22996871,0.039560705,0.3797258,0.014941187
26400,7.0437884,0.03907816,0.3775446,0.022564946
26500,0.92967796,0.03878318,0.38033137,0.093618535
26600,0.22771837,0.038587466,0.3800776,0.011515705
26700,10.389968,0.03782947,0.37845078,0.13460346
26800,0.15535903,0.038526114,0.38009593,0.016587796
26900,3.3806157,0.038398888,0.38376552,0.067225695
27000,0.38621554,0.03784566,0.38160872,0.018402645
27100,3.978543,0.037862994,0.3801146,0.11679482
27200,0.007866091,0.038026076,0.37979293,0.011503403
27300,2.9920306,0.038004853,0.3807025,0.09643683
27400,0.006283914,0.037163474,0.37833697,0.009271709
27500,0.03471413,0.03694602,0.3785433,0.0116896
27600,0.26455063,0.037322517,0.38054556,0.019768078
27700,4.0677295,0.036720134,0.3797809,0.037726596
27800,0.45012832,0.036904525,0.3779796,0.024805095
27900,0.22144516,0.03656914,0.3783524,0.015044259
28000,0.9385364,0.036195923,0.37810007,0.031893235
28100,1.9026418,0.036312155,0.37809503,0.058214676
28200,0.29380012,0.035750244,0.37751544,0.021324186
28300,0.24483305,0.03546441,0.37851062,0.019338787
28400,0.5084761,0.035187278,0.37827674,0.020795304
28500,1.5675645,0.035400394,0.37566757,0.039337978
28600,4.2690945,0.035078768,0.37566748,0.38273594
28700,1.1254468,0.034526244,0.3764438,0.014055185
28800,0.3245032,0.034103934,0.37613168,0.013758394
28900,9.235062,0.03383537,0.37281674,0.02333277
29000,1.4159741,0.033790115,0.37657335,0.057569634
29100,0.756816,0.03374417,0.3774472,0.07130771
29200,0.1450908,0.033211585,0.37476632,0.00925285
29300,0.072340384,0.03298132,0.3746818,0.007820676
29400,0.029265197,0.033088833,0.37552902,0.00837777
29500,0.011458392,0.03280063,0.37490273,0.008802987
29600,0.06180487,0.032461356,0.37487483,0.009975599
29700,0.7003706,0.0327106,0.37602526,0.035020612
29800,1.8357272,0.03235279,0.37476823,0.24963373
29900,1.8557483,0.03205644,0.3759284,0.21273606
30000,0.68401164,0.031567875,0.37451348,0.026048474
30100,1.9267721,0.031415574,0.3745425,0.17328171
30200,2.0628562,0.03167405,0.37645355,0.1847593
30300,5.60863,0.031620026,0.37685707,0.37394485
30400,0.00456417,0.03109694,0.37322956,0.0064933915
30500,0.03717986,0.030992586,0.37458318,0.010274836
30600,1.0759655,0.030496158,0.37225536,0.017686188
30700,0.53834605,0.030371558,0.37310115,0.008553306
30800,27.124075,0.029735379,0.36723015,0.07798698
30900,4.2986555,0.030213093,0.37343627,0.31463858
31000,27.873798,0.030421052,0.3794371,0.15213986
31100,0.47372055,0.029309895,0.37225544,0.009780538
31200,0.07415734,0.029315358,0.37207857,0.010289768
31300,1.1492268,0.028915795,0.3704206,0.009840633
31400,0.33718356,0.02917379,0.371902,0.026628943
31500,0.39216962,0.02851156,0.37069303,0.0069567515
31600,12.74812,0.028614651,0.37420705,0.042054303
31700,0.32709637,0.02847619,0.3718234,0.016057108
31800,0.3598674,0.02832541,0.37164938,0.017451314
31900,0.118185066,0.027985996,0.3702129,0.0064449483
32000,8.208928,0.027242642,0.36808568,0.041308656
32100,0.1419142,0.027551072,0.3705551,0.010714466
32200,0.13042857,0.027384732,0.37043545,0.007850625
32300,0.055250753,0.027313642,0.37187043,0.009997779
32400,0.26272333,0.027248478,0.37115297,0.04698423
32500,0.51802903,0.026910782,0.3701047,0.01853976
32600,18.763588,0.027257944,0.3758043,0.072485946
32700,1.6884738,0.027020602,0.37068546,0.095131546
32800,12.236138,0.02607364,0.36502457,0.694934
32900,0.006649221,0.026174564,0.3706265,0.0055968054
33000,0.24447688,0.026108708,0.37081757,0.014025312
33100,1.8961236,0.025760852,0.36971968,0.06600026
33200,0.7427525,0.025558662,0.37138024,0.027372636
33300,4.197955,0.025370691,0.3675858,0.058626074
33400,0.045617767,0.025299132,0.36813506,0.005229172
33500,8.158167,0.024740303,0.3650437,0.02085899
33600,1.9345986,0.02521469,0.36946025,0.047140665
33700,0.03101448,0.024897553,0.36759472,0.0050090705
33800,0.022811271,0.024578493,0.36860675,0.0067152265
33900,0.023589447,0.024361448,0.3684618,0.005946593
34000,0.10993708,0.024224138,0.36758462,0.007084679
34100,13.881997,0.02386627,0.363112,0.04331158
34200,5.1709776,0.024125475,0.36912012,0.065089785
34300,1.6708741,0.023843652,0.36891934,0.022904534
34400,0.21858758,0.023519184,0.36673993,0.01425746
34500,0.0798809,0.023331895,0.36681536,0.0071510123
34600,0.06810607,0.023313453,0.36790103,0.008417599
34700,0.15650782,0.023182008,0.36806628,0.00967482
34800,4.0473094,0.023072893,0.36815557,0.24566816
34900,1.1343312,0.022596966,0.3659142,0.041032705
35000,0.4881784,0.022679728,0.36729863,0.07226531
35100,0.65577984,0.02238185,0.3672696,0.03118004
35200,0.9770267,0.022242691,0.3654638,0.029043969
35300,0.26030535,0.02227877,0.3659042,0.018122735
35400,1.4772272,0.022133583,0.36645725,0.02870044
35500,5.103245,0.021689696,0.36250627,0.100649655
35600,0.15246978,0.021650618,0.3662854,0.017962033
35700,0.023720473,0.021668764,0.3649527,0.0056049754
35800,0.16171592,0.021083323,0.36492974,0.006668707
35900,1.9943448,0.021115735,0.3643533,0.11380205
36000,8.832674,0.020989249,0.36199623,0.06811264
36100,6.0088663,0.020751687,0.36296242,0.21072192
36200,14.948948,0.020357557,0.3592594,0.15352964
36300,14.149205,0.02043243,0.36075044,0.14153369
36400,11.763743,0.020769661,0.36141858,0.20345286
36500,2.809999,0.020470047,0.3639448,0.36832693
36600,0.31845418,0.020374015,0.36400807,0.026905365
36700,0.24486805,0.020165373,0.36503482,0.010727845
36800,2.0046256,0.02029134,0.36548874,0.019703126
36900,0.16810434,0.019892959,0.36314738,0.01261462
37000,0.15062605,0.01975628,0.36349925,0.008164043
37100,0.03417924,0.01946152,0.36337012,0.005587988
37200,0.04292777,0.019572627,0.36368504,0.0044073886
37300,0.06193389,0.019658217,0.3637925,0.011193819
37400,0.13914393,0.019281292,0.363054,0.019759346
37500,0.27527937,0.019004185,0.36330837,0.024095586
37600,2.45999,0.018845676,0.36283174,0.0714481
37700,0.021137254,0.019068437,0.36284438,0.005475602
37800,0.21539961,0.01878827,0.36249965,0.009851153
37900,0.087080784,0.018509053,0.36397284,0.010290748
38000,2.070156,0.018455487,0.36120927,0.005655628
38100,0.11756115,0.01856533,0.36215308,0.021377705
38200,5.136413,0.018450337,0.3644508,0.012860873
38300,2.7474635,0.01831006,0.3609865,0.02401762
38400,0.100401476,0.018161904,0.3616491,0.01636742
38500,1.6536255,0.017973563,0.36057654,0.010584137
38600,1.3816402,0.017879942,0.36165637,0.014772458
38700,0.009324751,0.017712323,0.36166584,0.00340396
38800,0.018971827,0.017791418,0.3620784,0.0044864216
38900,0.18716611,0.017737418,0.36167797,0.018686023
39000,0.13545346,0.017631669,0.36044806,0.0072785364
39100,0.2911234,0.017250378,0.36233595,0.019339351
39200,6.8953137,0.017091794,0.3623668,0.37466344
39300,14.15773,0.017342897,0.3650542,0.23254053
39400,2.8195727,0.016988542,0.36132625,0.029221637
39500,3.5466874,0.016949207,0.35858822,0.02499765
39600,1.7167393,0.01704724,0.36131796,0.08687407
39700,1.8405466,0.016753616,0.35825846,0.013358241
39800,0.24579819,0.016677598,0.36030754,0.0058469176
39900,0.72539145,0.016552199,0.3598305,0.08236252
40000,1.4535882,0.016469901,0.3585979,0.03380044
40100,0.32553023,0.016379047,0.36000395,0.008472057
40200,0.7951584,0.016334204,0.3608693,0.025629554
40300,0.94437677,0.016164906,0.35854143,0.037886776
40400,0.5209183,0.015925609,0.35839,0.005169377
40500,0.25340074,0.01604361,0.36001557,0.07209338
40600,0.012991452,0.01607738,0.35913628,0.00390706
40700,0.111906536,0.015905686,0.35959002,0.011394156
40800,3.6923203,0.016063266,0.3601276,0.73526067
40900,1.5564135,0.01564287,0.35835746,0.009550407
41000,1.3148699,0.015554998,0.35875455,0.04170641
41100,2.14327,0.0155480625,0.35712415,0.015237616
41200,2.1491148,0.015283218,0.35827553,0.06615963
41300,0.90465754,0.015552047,0.3595971,0.04111568
41400,0.057266094,0.01526837,0.35906166,0.005694322
41500,0.42273226,0.015183643,0.35797513,0.005443135
41600,12.599992,0.015468799,0.3613682,0.33219817
41700,11.831596,0.014612508,0.35440072,0.09023915
41800,2.835577,0.01475164,0.3575716,0.39052758
41900,1.4299823,0.014968106,0.35958493,0.017165482
42000,3.243223,0.0151031995,0.3596477,0.05291555
42100,1.069688,0.014692925,0.35884207,0.079522446
42200,0.6173685,0.01482141,0.3584709,0.016786244
42300,0.08756376,0.014670793,0.35769084,0.023809291
42400,0.17636208,0.0144733265,0.35812417,0.007332137
42500,2.4631035,0.014365318,0.3591606,0.08527782
42600,1.1157482,0.014278602,0.3563957,0.034735627
42700,0.15111046,0.014137107,0.3584897,0.02852464
42800,0.12366092,0.014004218,0.3585867,0.0070090387
42900,1.6818297,0.014271629,0.35781556,0.056099128
43000,9.599607,0.014862359,0.36143297,0.30159393
43100,0.82801676,0.014092448,0.35630816,0.06916802
43200,3.777494,0.013708339,0.3574236,0.3487771
43300,19.5971,0.013835598,0.3517207,0.19992697
43400,5.5625496,0.0143314265,0.35855156,0.72989994
43500,0.6928045,0.013856517,0.3549815,0.0038387012
43600,4.075867,0.013796239,0.35805508,0.10186788
43700,0.3331246,0.013643179,0.35666165,0.0066279983
43800,0.06390841,0.013595615,0.35629675,0.0036398359
43900,0.10659858,0.0133763775,0.3569429,0.025891557
44000,0.76466644,0.013335986,0.35569844,0.02064572
44100,0.2058917,0.013575063,0.35682532,0.0095806895
44200,0.5078022,0.013543499,0.3556749,0.037787713
44300,1.8186822,0.013462747,0.35482037,0.06314924
44400,0.6142977,0.013248251,0.3569518,0.011803577
44500,1.3042704,0.012793593,0.3560087,0.133928
44600,24.166065,0.013001118,0.3502241,0.42865533
44700,1.1753144,0.012828798,0.35670468,0.013461677
44800,0.22506611,0.012957189,0.35576054,0.0047217994
44900,6.3557367,0.012814454,0.35282788,0.04839899
45000,6.6114597,0.013056925,0.35773286,0.10860761
45100,0.6365167,0.012938188,0.35574976,0.016257381
45200,0.30945823,0.012724803,0.3545479,0.010434299
45300,0.44292665,0.012628921,0.35532388,0.17110132
45400,1.7835203,0.01258137,0.35536492,0.023809867
45500,1.2480341,0.012394471,0.35459355,0.029514534
45600,4.128802,0.0123789,0.35411656,0.07890233
45700,0.010160915,0.01278607,0.3542743,0.0018768916
45800,0.025879154,0.012383962,0.35491267,0.0023253744
45900,3.1755207,0.0123647675,0.35294068,0.875394
46000,0.44725436,0.012272431,0.35504955,0.0064565134
46100,3.8183389,0.012285637,0.3568842,0.09904541
46200,8.896016,0.012262354,0.35781226,0.048277847
46300,1.6705439,0.012154012,0.35413146,0.045771606
46400,10.879153,0.0124262115,0.3578683,0.043770596
46500,1.471311,0.012070384,0.35602522,0.0094623035
46600,0.7445794,0.011997224,0.3539901,0.040348418
46700,0.3989127,0.011970638,0.35507914,0.032042254
46800,0.18408747,0.011812884,0.3540852,0.011221141
46900,0.13564034,0.011876754,0.35376066,0.0052768337
47000,1.6986601,0.011907625,0.3553378,0.07633163
47100,0.3980883,0.01182837,0.35413757,0.01878686
47200,1.2823993,0.011623612,0.3522467,0.06749599
47300,1.166257,0.011639433,0.3551285,0.015544606
47400,0.11017947,0.011556763,0.35384953,0.004509823
47500,1.6144315,0.011537826,0.35199252,0.04507725
47600,0.7733679,0.0114743365,0.3531596,0.0899821
47700,0.18561864,0.011571393,0.35298657,0.009747242
47800,0.040679015,0.011392853,0.353363,0.011652766
47900,11.944611,0.011639647,0.35754722,0.15803277
48000,0.24856056,0.011308318,0.35285223,0.009879933
48100,2.6968372,0.011343918,0.35194236,0.07079049
48200,0.61295503,0.011290499,0.3541074,0.013850999
48300,1.643636,0.011171188,0.35424104,0.008104237
48400,1.3917753,0.011200228,0.35125166,0.021973377
48500,2.9868186,0.011104724,0.35430646,0.023779133
48600,0.038225636,0.011346565,0.35282773,0.0030977824
48700,0.012118957,0.01125465,0.35284868,0.0030693149
48800,0.05960021,0.011300778,0.35199684,0.002828961
48900,0.008887157,0.011084664,0.35222656,0.002073598
49000,0.09645579,0.01099005,0.35288474,0.012126595
49100,0.1554836,0.010928973,0.35280025,0.0051517496
49200,0.51650906,0.010780024,0.3534455,0.08953834
49300,1.4079181,0.010945339,0.3535111,0.007136195
49400,0.17529039,0.010837458,0.35230556,0.006615146
49500,0.047239635,0.01080476,0.35228443,0.0036332516
49600,9.979769,0.010975975,0.35584444,0.032797195
49700,0.21102028,0.010754567,0.35243064,0.017002327
49800,0.2865757,0.010552495,0.3515153,0.053962234
49900,0.03065648,0.0107100345,0.351712,0.0027680928
50000,0.3157573,0.010632539,0.3524569,0.0123657
50100,0.6184641,0.010590391,0.35089684,0.01546192
50200,1.7297788,0.0103495745,0.35152885,0.23431213
50300,16.438395,0.010424087,0.34830585,0.24327676
50400,9.108431,0.010331533,0.3488797,1.0687793
50500,11.959525,0.010254655,0.34878474,0.12635982
50600,3.9743547,0.0107482625,0.34965438,0.23687424
50700,0.9744343,0.010693984,0.35010117,0.013656932
50800,0.7974792,0.01036325,0.35051632,0.12841816
50900,0.9161735,0.010482763,0.35216245,0.008502087
51000,0.17769943,0.010271409,0.35191894,0.004905242
51100,5.7869678,0.010301279,0.35082775,0.8252104
51200,0.5229995,0.010303283,0.35153943,0.018758224
51300,8.009882,0.01045554,0.35499254,0.055508837
51400,0.36079696,0.01025689,0.35150203,0.04052094
51500,8.338358,0.010305483,0.35433716,0.11581264
51600,1.3447087,0.010032189,0.35029823,0.39828855
51700,0.54265594,0.009982665,0.3500563,0.024311667
51800,0.9583686,0.009977403,0.35115737,0.09245561
51900,2.2791443,0.010242584,0.35176137,0.411552
52000,0.010956705,0.009990927,0.35040596,0.0013043341
52100,0.004687183,0.010025087,0.3513468,0.0016759463
52200,0.023537416,0.009943031,0.3519362,0.0034812074
52300,2.5760524,0.010136514,0.35158625,0.12264116
52400,2.9211218,0.010110129,0.35165814,0.083878815
52500,0.13280042,0.009903389,0.35020885,0.0041403095
52600,0.4266742,0.00985682,0.3512104,0.007249642
52700,0.17581199,0.009747478,0.35125357,0.009527221
52800,0.8272455,0.009836298,0.35147032,0.016256867
52900,0.3507237,0.00976159,0.35029522,0.009066609
53000,1.9901141,0.009611224,0.35272074,0.10943738
53100,0.61921114,0.0097146705,0.3511283,0.064098574
53200,0.32249662,0.009628075,0.35042262,0.012927724
53300,0.08957052,0.009587559,0.35042533,0.0037863988
53400,0.45465517,0.009714528,0.349491,0.113454685
53500,1.2059442,0.009486904,0.34990382,0.015145655
53600,1.1129595,0.009512747,0.3489122,0.0227886
53700,0.71826804,0.009524894,0.34910116,0.005498102
53800,9.786718,0.009418484,0.34574828,0.22411059
53900,16.472525,0.009248533,0.35547262,0.5490783
54000,3.9233356,0.009831552,0.3516076,0.49267888
54100,0.004166219,0.009674763,0.34936672,0.0011847981
54200,0.04139457,0.009554524,0.3496073,0.003047731
54300,2.2379167,0.009658842,0.35099193,0.12293834
54400,0.5159612,0.009171344,0.3499882,0.013948519
54500,0.12375902,0.009451812,0.34943295,0.00398323
54600,0.067423716,0.009381887,0.34964386,0.0015286576
54700,0.09187885,0.009245392,0.3497714,0.011869996
54800,0.63677233,0.00913707,0.34890237,0.008489951
54900,2.084728,0.009304841,0.35084292,0.054765765
55000,0.42890614,0.009197071,0.34873497,0.015054235
55100,2.0442345,0.009265415,0.35108364,0.057563435
55200,0.16377357,0.009246868,0.34854814,0.011482805
55300,10.875231,0.0092734555,0.35351205,0.37452245
55400,2.4463565,0.008871804,0.3490924,0.06349245
55500,0.15122369,0.008937656,0.34995317,0.0036608395
55600,13.726534,0.008934297,0.34450713,0.056045085
55700,0.74670094,0.009132518,0.3498553,0.006921438
55800,1.4709331,0.009045523,0.35027823,0.04708438
55900,0.15428469,0.008983288,0.34906948,0.002552784
56000,2.6837866,0.008971465,0.3468561,0.009489031
56100,0.48566684,0.00924748,0.3475867,0.06723799
56200,12.6988,0.009218216,0.35375753,0.25974005
56300,8.397816,0.008522469,0.3469738,0.08648271
56400,2.40936,0.008942908,0.35068488,0.04884794
56500,8.249146,0.009259302,0.34938732,0.1356265
56600,1.024395,0.009017579,0.34732935,0.0067875194
56700,0.30123308,0.009069393,0.34807053,0.0032251873
56800,1.1926956,0.009185229,0.34716195,0.29602754
56900,0.037634283,0.009114653,0.34760606,0.0013485176
57000,4.2818756,0.009240688,0.35085556,0.10976709
57100,5.5303345,0.008741099,0.34702724,0.8769195
57200,8.601219,0.009286958,0.35055342,0.09305041
57300,12.521332,0.008753233,0.344477,0.056528877
57400,1.1542419,0.009004067,0.34743217,0.15694723
57500,0.016558686,0.008856622,0.34789705,0.0010867249
57600,0.02722885,0.008786918,0.3481163,0.005806507
57700,0.02566741,0.008857992,0.3479055,0.002344842
57800,2.8308063,0.008654003,0.34979677,0.27961826
57900,0.17826846,0.00869204,0.34793755,0.0155983465
58000,2.8792877,0.009152884,0.34815732,0.85740966
58100,0.41073775,0.008713418,0.34859756,0.0072300066
58200,4.268117,0.008507895,0.3469877,0.21867187
58300,0.63822603,0.008724254,0.34723723,0.018503716
58400,8.646193,0.008821331,0.35072574,0.21755496
58500,4.6707344,0.008340192,0.3480123,0.16997787
58600,0.76235074,0.008673197,0.3485499,0.0037482767
58700,0.21182643,0.008740092,0.34758276,0.007288206
58800,1.5636812,0.008579149,0.346814,0.31514362
58900,0.07331547,0.008704156,0.3471332,0.0030679733
59000,0.12293588,0.00856914,0.3480376,0.016499622
59100,1.5710642,0.008492168,0.34658486,0.005635561
59200,0.30741075,0.008610789,0.34795603,0.031520575
59300,0.17043893,0.008552522,0.347382,0.010658879
59400,0.055472996,0.008517207,0.3477557,0.0035204447
59500,0.035706624,0.008459786,0.34722948,0.0058982735
59600,0.33507815,0.008224484,0.3476718,0.11803
59700,0.48997682,0.008181445,0.34764317,0.007522114
59800,0.37576425,0.008325429,0.34679213,0.006532342
59900,0.3353043,0.008377596,0.34670672,0.031890284
60000,4.4666996,0.008515882,0.34954745,0.30148488
60100,0.32740587,0.008290121,0.3483292,0.014006046
60200,0.41805065,0.008639718,0.34590453,0.0054045054
60300,2.9144413,0.008302704,0.34818295,0.04197606
60400,0.2027784,0.008348848,0.347035,0.0033080222
60500,7.7474403,0.008643294,0.34958744,0.24965087
60600,0.93531466,0.008308777,0.34748226,0.108566165
60700,0.4491826,0.008151173,0.34802246,0.020342655
60800,1.2929711,0.008251797,0.34852594,0.019812865
60900,0.73994976,0.008252203,0.3483489,0.008209192
61000,2.1472359,0.008397999,0.34665233,0.046756767
61100,10.531937,0.008151271,0.34297195,0.10333828
61200,1.8542771,0.008230802,0.34933844,0.047642194
61300,2.1835034,0.008240738,0.34491506,0.06252215
61400,0.351678,0.008196463,0.3458609,0.0036714706
61500,0.023415644,0.008020981,0.3467995,0.0012306626
61600,0.0052529206,0.008435313,0.34622574,0.0010933267
61700,2.0886853,0.008096465,0.34891212,0.014594597
61800,0.6645435,0.0080778515,0.34588394,0.009129723
61900,1.0391169,0.008038553,0.34598428,0.0061970362
62000,4.965968,0.00842875,0.34784877,0.20588046
62100,7.790457,0.008308271,0.34306097,0.08595899
62200,2.1615028,0.0078113317,0.34830767,0.20011137
62300,0.25789118,0.00828775,0.3460315,0.014645388
62400,0.046420764,0.007986507,0.34648666,0.002476998
62500,2.93446,0.008138023,0.3483755,0.008750854
62600,0.31275564,0.008119931,0.3471051,0.044695463
62700,0.2908126,0.008294169,0.34646,0.010890513
62800,1.3940307,0.008067496,0.347863,0.06877547
62900,2.199893,0.007927736,0.34839576,0.06695482
63000,0.36973342,0.007967341,0.34558627,0.043548685
63100,0.049331684,0.007902408,0.3461498,0.0019667891
63200,0.24211533,0.008077363,0.34580755,0.07050804
63300,0.62019914,0.007879498,0.34560797,0.011166072
63400,4.017526,0.007945555,0.34837288,0.17407851
63500,1.0346195,0.007930741,0.34617624,0.25583372
63600,1.1115892,0.0077991355,0.3452876,0.25650293
63700,1.0910186,0.007821367,0.3477096,0.026274603
63800,0.17408769,0.00813734,0.34585992,0.0077332878
63900,0.07509594,0.008011103,0.34550223,0.020831618
64000,0.1543615,0.007990219,0.3449252,0.007577085
64100,3.3702712,0.007640432,0.3440993,0.14727986
64200,0.24935517,0.007783453,0.34553716,0.050818276
64300,0.14646721,0.008034296,0.34506708,0.0033452725
64400,0.73892087,0.0077105667,0.34565192,0.17950314
64500,0.5468677,0.007610509,0.34591037,0.008025805
64600,0.053014696,0.0077744336,0.34599996,0.0091022495
64700,6.979767,0.008024832,0.34691447,1.1918224
64800,0.55272394,0.0077599906,0.34626114,0.00348408
64900,0.13656731,0.0077248146,0.34520563,0.0081046615
65000,0.06702613,0.0077750133,0.34569877,0.010094154
65100,0.08561299,0.00762267,0.34553695,0.0048973793
65200,0.11742216,0.007737684,0.34538314,0.019940201
65300,0.15784025,0.0076867472,0.34484136,0.0028036283
65400,0.9436093,0.007741122,0.34668732,0.019247467
65500,0.32055154,0.008290015,0.34471312,0.0060222107
65600,2.0824912,0.0078056697,0.34533185,0.0809454
65700,0.072419934,0.007324958,0.34637588,0.0058184275
65800,2.3331845,0.007653156,0.34340405,0.11079913
65900,0.069841556,0.0076888143,0.34515864,0.0049127885
66000,0.072289914,0.0076579987,0.34510982,0.0017431756
66100,4.9189525,0.007802129,0.34730887,0.08944676
66200,0.42689744,0.007568085,0.34592846,0.011780628
66300,0.039242346,0.0075973975,0.34516707,0.0019097655
66400,0.009086386,0.0075117364,0.34549016,0.0011674461
66500,0.042504776,0.007626917,0.34524414,0.0024642523
66600,0.13211668,0.0077972454,0.34478357,0.014749143
66700,0.5385488,0.007786493,0.34523326,0.014987268
66800,0.012444271,0.0076968707,0.34446785,0.0007947334
66900,0.56379706,0.0074385908,0.34408256,0.01301004
67000,2.0942824,0.0074271276,0.34412777,0.024034694
67100,0.07535629,0.0076661827,0.3444479,0.0036083146
67200,0.5662848,0.007656993,0.34381622,0.020870956
67300,0.42299253,0.0075881616,0.34498826,0.045750104
67400,2.5086877,0.007433222,0.34625274,0.09306865
67500,0.26419264,0.007418089,0.34497252,0.01828736
67600,0.11249201,0.007471849,0.34499094,0.030004172
67700,4.816159,0.0074888375,0.34756443,0.03963837
67800,0.39113176,0.007589805,0.34360555,0.018675098
67900,4.2865353,0.007545097,0.34719187,0.24077408
68000,3.5026681,0.0073290537,0.34258994,0.012364748
68100,2.1269715,0.007487759,0.34580368,0.3759935
68200,0.50406647,0.0072753476,0.34437367,0.06233316
68300,1.9820313,0.007336689,0.34306884,0.07920596
68400,1.1420368,0.0070540975,0.34553227,0.04105126
68500,0.11925099,0.00732795,0.3445346,0.0047496003
68600,1.6265706,0.0075275074,0.34371838,0.009316706
68700,0.57410437,0.007587252,0.34332287,0.055294625
68800,0.07706765,0.0073520066,0.34443527,0.011503172
68900,0.041376323,0.007203045,0.3450129,0.004953478
69000,1.1846296,0.00732542,0.3437678,0.03956273
69100,0.08977063,0.0072853374,0.3444041,0.014893543
69200,0.039434414,0.007196103,0.3445055,0.0055212546
69300,0.21896587,0.0075287377,0.3430653,0.0058225277
69400,3.4743426,0.0072669173,0.345096,0.06898194
69500,0.017549898,0.0073528383,0.3442196,0.0021562367
69600,0.094915785,0.007483286,0.34381127,0.0025653266
69700,2.825514,0.0071887416,0.34294447,0.05174598
69800,0.3310292,0.0074048853,0.34377405,0.0533309
69900,0.071452364,0.0074190726,0.34357888,0.005096674
70000,0.46791765,0.0074583087,0.3446166,0.06708944
70100,0.32921335,0.007220328,0.34352836,0.03369815
70200,0.4289622,0.007104322,0.3447042,0.015609899
70300,0.6463408,0.007372053,0.34288323,0.07839793
70400,0.5940939,0.0073110317,0.34333748,0.013233853
70500,13.291849,0.007291081,0.34829172,0.18725143
70600,5.768566,0.007042694,0.3420842,0.65805894
70700,9.925415,0.00731292,0.34703258,0.08540057
70800,6.9746423,0.0073449737,0.34602457,0.12351694
70900,1.8532184,0.0072750677,0.34442133,0.08639914
71000,0.36342967,0.007189535,0.34326974,0.014614795
71100,0.37142223,0.0070557427,0.34436685,0.041453388
71200,0.098786384,0.007191577,0.34349692,0.005487468
71300,0.21284643,0.0069134594,0.34431753,0.012428859
71400,0.07925954,0.0072656875,0.34321505,0.0114936335
71500,0.0280525,0.007276807,0.3432694,0.0031931812
71600,0.08959324,0.006927648,0.34417543,0.008171202
71700,11.454468,0.0070616174,0.338975,0.3124204
71800,4.3186116,0.0069763814,0.34205362,0.036797523
71900,0.12947553,0.0070680296,0.34367302,0.04242476
72000,0.9227921,0.0071411645,0.34207782,0.0051742583
72100,3.0882263,0.007390306,0.34353504,0.11758358
72200,0.15318725,0.0072528403,0.34304145,0.059120752
72300,3.0474768,0.007315531,0.3446807,0.014423166
72400,1.1914179,0.0076533067,0.34116256,0.078271426
72500,0.6836418,0.007076197,0.34423986,0.01910528
72600,4.2303157,0.0070705055,0.34489638,0.08013628
72700,0.7275661,0.006602627,0.34442744,0.055551894
72800,0.8381971,0.0071860957,0.34282503,0.29526216
72900,0.25246784,0.006826667,0.34368905,0.014034396
73000,1.272337,0.0067578345,0.34354618,0.03584024
73100,2.1503737,0.006914643,0.34555683,0.060960602
73200,0.37618992,0.0068043084,0.34348157,0.016498936
73300,0.059050415,0.0070916903,0.34262213,0.0008096144
73400,0.00789465,0.007228875,0.3424913,0.00158032
73500,0.10857238,0.007059579,0.34306946,0.006946783
73600,3.9694676,0.0070983265,0.34314597,0.33044195
73700,25.785776,0.0070842593,0.34952947,0.21222724
73800,0.005889585,0.0070261834,0.34282637,0.0024975657
73900,0.5503896,0.006837715,0.34270605,0.04175818
74000,0.06915913,0.006924318,0.34282935,0.0035369708
74100,0.48745713,0.006614425,0.34286287,0.009458386
74200,0.14442012,0.0066953427,0.34382275,0.0025970358
74300,0.34552383,0.006901729,0.34346658,0.0045623025
74400,0.33005852,0.006886735,0.34267882,0.012953304
74500,0.95829195,0.006956611,0.34137693,0.033000037
74600,3.546507,0.00712283,0.34100974,0.114343785
74700,0.41315183,0.006683281,0.34346414,0.0168218
74800,0.13925557,0.0065923943,0.34317756,0.012264766
74900,0.10334805,0.006898746,0.34380865,0.00894709
75000,0.013973318,0.007256707,0.3421582,0.001592264
75100,1.3100003,0.0069776447,0.3411437,0.033929944
75200,0.8153824,0.006743325,0.34193015,0.016380183
75300,0.53453743,0.00686131,0.34348035,0.010246585
75400,1.3794746,0.0069554243,0.34264153,0.28369817
75500,0.30881375,0.006926385,0.34180176,0.003888319
75600,0.85729176,0.007023392,0.34075972,0.01795945
75700,0.122334436,0.0067851734,0.34289712,0.00646743
75800,0.66082,0.006654985,0.3420236,0.098011404
75900,14.588005,0.00685221,0.347143,0.5759701
76000,2.5980675,0.0067571723,0.3436278,0.13653484
76100,0.5115257,0.0066381274,0.3432576,0.040041592
76200,0.19847582,0.0067599146,0.34264097,0.018797684
76300,0.0318301,0.006505224,0.34282306,0.0010159973
76400,0.42609736,0.006902426,0.3423325,0.0034230913
76500,3.2097194,0.0066059763,0.34420505,0.0535524
76600,1.5456526,0.0067506814,0.3437494,0.020256326
76700,0.086102046,0.006543225,0.34236708,0.0036972668
76800,0.034811955,0.006854837,0.34164515,0.0013407004
76900,0.016172638,0.0065943114,0.3422387,0.004222849
77000,0.012920018,0.006541125,0.34234506,0.0012475577
77100,0.590313,0.0064144214,0.34249616,0.011298526
77200,1.0566925,0.0064491285,0.34262854,0.08955348
77300,0.12683704,0.0065244436,0.34254274,0.031302728
77400,0.11094257,0.006839708,0.34158206,0.0085737
77500,1.0421293,0.0066745426,0.3425157,0.06815886
77600,0.88837993,0.006527497,0.3432536,0.027204994
77700,1.8906487,0.006890503,0.3401735,0.10465245
77800,0.3301915,0.0065974128,0.34150007,0.014559485
77900,0.12510459,0.006493284,0.34227595,0.002371442
78000,0.50682205,0.0065873144,0.34123915,0.010730119
78100,0.07044445,0.0064001335,0.34214994,0.0047915936
78200,5.280619,0.006524325,0.33909118,0.049942452
78300,1.0392677,0.006523502,0.34240556,0.1818514
78400,0.20594586,0.0066135866,0.34172696,0.010015133
78500,0.2907991,0.006506709,0.3423838,0.010744038
78600,7.775751,0.006577409,0.33819985,0.06043139
78700,1.8310127,0.0066829305,0.3430206,0.06481019
78800,0.21936513,0.006718303,0.34122205,0.07060652
78900,0.070729196,0.0065000546,0.3414315,0.0017105566
79000,1.0089549,0.0063463137,0.34203216,0.22486389
79100,6.0580826,0.0065951706,0.34335804,0.42045087
79200,4.4368925,0.006469895,0.3445512,0.11483937
79300,1.1806952,0.0062245606,0.34204543,0.04251353
79400,5.4199905,0.0063771917,0.34530994,0.056995034
79500,0.64132255,0.006329713,0.34252936,0.088513575
79600,0.05863388,0.006529006,0.341361,0.0057718437
79700,0.30051804,0.0065304176,0.34063607,0.06704438
79800,0.8957421,0.0064235125,0.34249473,0.008969722
79900,0.11658649,0.0064405715,0.34133974,0.019391242
80000,0.02220423,0.006316359,0.34186366,0.0011113714
80100,0.07311334,0.0064606117,0.3410107,0.011085021
80200,0.04199761,0.006387725,0.3414212,0.0021477179
80300,0.05672611,0.006258617,0.34194604,0.0051836465
80400,1.5147014,0.0064767706,0.34259138,0.011417644
80500,0.7453,0.0062026726,0.34255773,0.031937953
80600,0.011728444,0.006293895,0.34174713,0.0011430995
80700,0.013666584,0.0066258255,0.3408504,0.0008676756
80800,0.013989961,0.006223968,0.3417533,0.00079667853
80900,0.1547633,0.006526298,0.34132087,0.039948266
81000,1.9676249,0.006632332,0.3392806,0.0553854
81100,3.125727,0.0060924785,0.34053552,0.07778031
81200,0.4111799,0.0063212514,0.34185922,0.052295648
81300,2.5278852,0.006146771,0.34307164,0.024261313
81400,1.7234216,0.006512454,0.34206322,0.057787307
81500,0.4737621,0.006221332,0.34100705,0.006484087
81600,0.1516091,0.006496787,0.34090003,0.009361541
81700,0.5226421,0.0062736403,0.34075794,0.12876621
81800,0.10800969,0.006397443,0.34025684,0.0017097213
81900,0.1641573,0.006199026,0.34100008,0.03698651
82000,0.00896135,0.006195677,0.3411922,0.0013397925
82100,0.8598423,0.0063347244,0.33953512,0.004246089
82200,0.53610617,0.0063356506,0.34095028,0.03876563
82300,0.3624732,0.0062024808,0.34065947,0.05014242
82400,0.029120829,0.0060471767,0.3412801,0.0046347645
82500,0.228223,0.0063335146,0.34073824,0.093590654
82600,0.109781496,0.0061131227,0.34132323,0.0025316188
82700,0.12176045,0.0061199083,0.34111267,0.0058372454
82800,0.42381033,0.006171688,0.34181243,0.028224831
82900,3.524793,0.005952492,0.34358382,0.06506714
83000,0.16893174,0.006236036,0.34051034,0.015267384
83100,3.085564,0.00602917,0.3432725,0.054989986
83200,0.37005502,0.0059601595,0.34087482,0.039978832
83300,0.02775049,0.006144713,0.34086892,0.0016368184
83400,0.16648749,0.0060459436,0.34122884,0.0050985287
83500,3.1898072,0.0061599207,0.34235796,0.02735315
83600,2.6494317,0.0059561064,0.3432118,0.11905969
83700,0.55719554,0.005991906,0.34157583,0.011478521
83800,0.13363594,0.0059847604,0.3405121,0.0020565114
83900,0.4959314,0.00620365,0.34087947,0.008553759
84000,0.023805667,0.006030217,0.34046724,0.002359963
84100,0.076896444,0.0056252815,0.34213787,0.0042386972
84200,0.244907,0.0062301527,0.34007168,0.012414346
84300,0.68460774,0.0061385296,0.33999416,0.033654105
84400,6.9048157,0.0059416057,0.33763605,0.111302376
84500,1.0230829,0.0059808614,0.34165254,0.014830797
84600,0.022555048,0.0057896436,0.34099478,0.0025548113
84700,0.43347305,0.0060245525,0.3396208,0.053700067
84800,0.49637645,0.0057650693,0.34188843,0.014712061
84900,0.25359136,0.005900718,0.340024,0.0050067906
85000,2.8512444,0.0063996483,0.3380775,0.16679397
85100,0.43277654,0.005793022,0.3413892,0.073380284
85200,0.054581735,0.006175587,0.33998165,0.0010859625
85300,0.049367964,0.006129708,0.33999816,0.005452356
85400,0.47990608,0.0061919163,0.33979374,0.07279042
85500,1.6749841,0.0060111843,0.33861142,0.012964668
85600,7.6060195,0.00591766,0.33738858,0.056468856
85700,1.0930799,0.0062767593,0.33969697,0.08504176
85800,1.1196158,0.0059818546,0.33889586,0.022021389
85900,0.3993985,0.005793191,0.3401724,0.038212597
86000,0.027713686,0.0056777718,0.34079227,0.001679314
86100,0.6662085,0.005947683,0.3412,0.015152453
86200,0.13462381,0.0060083973,0.34013033,0.0130816065
86300,0.77686495,0.0061530787,0.33879086,0.009548077
86400,0.65708923,0.006321245,0.3385103,0.025864856
86500,7.161094,0.0058102175,0.34376487,0.051514186
86600,6.6605706,0.00565919,0.3439894,0.27570936
86700,4.89543,0.0058903955,0.34327227,0.20067453
86800,0.9598632,0.0057491534,0.34097514,0.13782576
86900,0.35448378,0.005496028,0.34053904,0.015458655
87000,0.31196025,0.005802266,0.3402837,0.07337934
87100,0.30866304,0.005450013,0.34145397,0.022280034
87200,2.8668528,0.005949806,0.34151685,0.017361077
87300,0.813728,0.0055238246,0.34127152,0.03296216
87400,1.4510168,0.0056454726,0.34201303,0.043831244
87500,0.07711381,0.005796243,0.33995894,0.012594801
87600,0.085391425,0.0058774734,0.3396963,0.0052039768
87700,6.4373627,0.005934554,0.33653682,0.37818775
87800,1.558001,0.006032406,0.3378475,0.050056398
87900,1.5062993,0.0057325945,0.34107432,0.1717395
88000,1.1369076,0.0056244438,0.3397205,0.03897441
88100,0.7409143,0.0056214295,0.3392137,0.027838523
88200,0.15790384,0.0058293166,0.33994502,0.010712327
88300,0.27310345,0.005648934,0.34030384,0.029983835
88400,0.92407703,0.0059696003,0.3405,0.055609792
88500,0.42915446,0.0059771175,0.33859712,0.006045613
88600,1.0024929,0.0060522687,0.33935326,0.39771393
88700,0.018849418,0.0057579256,0.33985355,0.00211737
88800,0.18727495,0.0056582834,0.3396399,0.0031131012
88900,0.14761248,0.0058844998,0.33976036,0.012596334
89000,0.014386879,0.0056910147,0.33984375,0.0009416781
89100,0.024192644,0.0057909596,0.33981645,0.0010148928
89200,0.047464024,0.0054030335,0.34032732,0.0021834644
89300,0.054345228,0.0054087234,0.34022307,0.0014054605
89400,0.099550635,0.0055955853,0.34012434,0.005016013
89500,0.12441719,0.005472019,0.3401808,0.0033073258
89600,0.75195247,0.0057679354,0.33863682,0.020227201
89700,0.036873095,0.005536756,0.3396745,0.0031737676
89800,1.3108392,0.005594941,0.33876336,0.023654366
89900,0.3226457,0.0056633437,0.34005937,0.0026809783
90000,2.7722342,0.005827335,0.34091404,0.1989136
90100,0.7528462,0.0056446968,0.34061053,0.01314979
90200,0.5538759,0.005260457,0.34139603,0.029249312
90300,0.1403701,0.0057874946,0.3397608,0.009745629
90400,0.813757,0.0054818587,0.33893856,0.028768107
90500,5.43161,0.005852602,0.33616865,0.1542559
90600,0.0712048,0.005683884,0.33928964,0.0014954883
90700,0.12214023,0.0054732193,0.34011164,0.0046985145
90800,0.20097475,0.0056694616,0.33983824,0.034704875
90900,0.8339796,0.005990644,0.33848462,0.047969256
91000,1.5014904,0.005178298,0.3391661,0.052607246
91100,0.41348538,0.005620985,0.33874834,0.02438722
91200,0.34918383,0.0057052765,0.33931738,0.02349144
91300,0.16377948,0.0052957577,0.34039086,0.017475624
91400,0.18512069,0.005682944,0.3386011,0.005173524
91500,1.3393948,0.005648824,0.33860314,0.14463036
91600,0.0033906328,0.0058609233,0.33902323,0.0007098085
91700,0.0042232014,0.0055354834,0.3391962,0.00038185727
91800,0.021768931,0.005320705,0.3396954,0.0022057786
91900,0.80367035,0.005273211,0.33991393,0.050676733
92000,0.09517722,0.0057270215,0.3388898,0.020212913
92100,2.4639983,0.0056142425,0.3410893,0.0070086373
92200,2.0914693,0.0055367756,0.3407012,0.10981912
92300,0.23468985,0.0054110764,0.33985955,0.006349492
92400,1.2731752,0.0056361053,0.34051564,0.038793184
92500,2.3031173,0.0055461586,0.3403136,0.024192296
92600,0.54375625,0.005477065,0.33895642,0.017332517
92700,2.052188,0.005557909,0.34029675,0.030004922
92800,0.16564277,0.0056448258,0.33864263,0.0024364246
92900,0.07579991,0.0055388305,0.33917165,0.022305114
93000,2.0067298,0.0055191745,0.34051144,0.033905815
93100,0.2882444,0.005236862,0.33940792,0.013684594
93200,0.019933328,0.005539628,0.33887815,0.0019072199
93300,0.008169893,0.0054882704,0.3391368,0.00045988197
93400,2.0083725,0.005754745,0.3368674,0.14350665
93500,0.03408675,0.005585002,0.3388893,0.0014938503
93600,0.111822926,0.0055688173,0.33910537,0.0071328115
93700,0.1972968,0.0053608506,0.33912733,0.0030962245
93800,3.7575536,0.005755497,0.336096,0.120530106
93900,4.86972,0.005690542,0.3370245,0.82807875
94000,0.23785476,0.0058794944,0.33834144,0.005735046
94100,5.3590984,0.0052904096,0.3370001,1.0478562
94200,0.123078726,0.0055065476,0.33895782,0.0015873589
94300,0.9243455,0.005484102,0.3402184,0.0084058
94400,0.1439022,0.0055549596,0.3388747,0.0068977517
94500,0.1322455,0.0053577055,0.3393285,0.00509891
94600,8.410559,0.00513633,0.3428326,0.08094261
94700,0.2173038,0.0055595124,0.33907795,0.0015493565
94800,0.0054369797,0.00559452,0.33853918,0.0018127549
94900,0.47705394,0.005317333,0.33819473,0.010475715
95000,0.0762464,0.0054603224,0.33869714,0.0019435935
95100,1.1023408,0.005204091,0.3383201,0.22026941
95200,4.134534,0.0054624993,0.34023777,0.11789499
95300,0.92891437,0.0057893707,0.3380348,0.19076885
95400,0.014034983,0.0055302633,0.33856606,0.00067131757
95500,0.010011066,0.0055100364,0.33856365,0.0013555553
95600,2.5799012,0.0051979763,0.3370757,0.1111607
95700,5.6438217,0.004749236,0.3369165,0.22736023
95800,8.764422,0.005356732,0.3346982,0.07997876
95900,0.22300078,0.005360575,0.3385578,0.011368454
96000,0.1979131,0.005801105,0.33807647,0.059280727
96100,0.95862067,0.0053274906,0.33969605,0.058343537
96200,3.2058797,0.005488274,0.34030074,0.10699713
96300,0.042920016,0.0051950496,0.33889303,0.002132125
96400,1.8259684,0.0053439466,0.3391402,0.060294885
96500,0.14002168,0.0054130214,0.33837497,0.01776611
96600,1.3060236,0.005496677,0.33888242,0.05583371
96700,0.95192516,0.005189008,0.33844855,0.0504057
96800,0.20119782,0.005437538,0.33854103,0.027528815
96900,3.7263975,0.0052075447,0.33919328,0.40929735
97000,0.230453,0.0055085234,0.3374793,0.0037364697
97100,1.8917332,0.005606809,0.3387166,0.49854606
97200,2.1159487,0.0050449343,0.33980307,0.06446554
97300,0.51569104,0.005333762,0.3391053,0.07049891
97400,0.2925315,0.0048156916,0.33923104,0.023850374
97500,0.042066444,0.0053611565,0.3382627,0.0021575661
97600,0.1399074,0.0052186926,0.3383423,0.006669609
97700,0.14736806,0.0053154323,0.33847597,0.0077625313
97800,0.5626045,0.005049205,0.33945224,0.0070086466
97900,0.134302,0.0051326496,0.33855674,0.007643276
98000,0.047742877,0.0052476916,0.338551,0.0025065478
98100,0.38273725,0.0053747315,0.33764622,0.046973247
98200,0.23291111,0.0051391814,0.33870813,0.002308413
98300,0.83370066,0.00525152,0.33710587,0.10334509
98400,0.100233994,0.005343797,0.3378656,0.006892333
98500,0.56945103,0.0054588215,0.33690095,0.0057148295
98600,0.024129447,0.0052963435,0.33810204,0.0011215617
98700,1.1696875,0.0051963567,0.339493,0.010880416
98800,0.1916938,0.005436227,0.33735391,0.004823387
98900,2.3081112,0.005046587,0.3394853,0.597024
99000,0.6584642,0.005073675,0.33772638,0.00983317
99100,0.3757727,0.005528756,0.33762366,0.01695547
99200,0.31607565,0.005114226,0.33834487,0.07400006
99300,0.03542663,0.0051569426,0.33790213,0.0018261728
99400,0.015355497,0.005031266,0.3383416,0.0011751094
99500,0.06822559,0.004977845,0.33864006,0.0026772588
99600,0.039680053,0.005457058,0.33782974,0.0031432896
99700,3.1910608,0.0051681446,0.3401488,0.14660257
99800,0.50959295,0.005176307,0.33805254,0.04113681
99900,0.037050445,0.0052514635,0.3379088,0.004491747
100000,0.021140834,0.0049833786,0.33834398,0.0010882447
